4.435480837264894944e+03,-5.585825372023602995e+02
4.972393503287824387e+03,2.667328599137342735e+02
4.602995682428922919e+03,-3.316141799962347818e+02
5.162300006481792479e+03,3.939163633656442585e+02
4.781565940742028033e+03,1.133288986434330603e+01
4.408956669503299054e+03,-5.556959154234142488e+02
4.945905741357643819e+03,2.653761656966303235e+02
4.576504539209921859e+03,-3.298560910226009923e+02
5.136244658764639098e+03,3.919811525184278480e+02
4.755081752940373008e+03,1.129182405530668376e+01
4.382380586528617641e+03,-5.528195243014728248e+02
4.919368947808101439e+03,2.640148688637131045e+02
4.549962611937861766e+03,-3.281091829794829664e+02
5.109995286707163359e+03,3.900313182605450493e+02
4.728548035194065960e+03,1.124568926478647590e+01
4.355800129185224250e+03,-5.499648967737608700e+02
4.892831807752590066e+03,2.626511468941392877e+02
4.523418027793812143e+03,-3.263801216486324961e+02
5.083585152625431874e+03,3.884730006863744052e+02
4.702013285732607983e+03,1.119313546238781143e+01
4.329215752464262550e+03,-5.471297958739240812e+02
4.866294338369789330e+03,2.612851106172238360e+02
4.496871012678294392e+03,-3.246676225553724748e+02
5.057107469117625442e+03,3.861026784169188772e+02
4.675477589062823427e+03,1.113385636025564729e+01
4.302627480268513864e+03,-5.443141064103488134e+02
4.839756542650709889e+03,2.599167807986853518e+02
4.470321580822897886e+03,-3.229715881666409132e+02
5.030566154291953353e+03,3.841313231172941300e+02
4.648940950901974247e+03,1.106830847414893704e+01
4.276035336503645340e+03,-5.415177143561188586e+02
4.813218422370206099e+03,2.585461687817318079e+02
4.452353759657559749e+03,-4.291310322925106675e+02
5.010237148889132186e+03,4.123520854739375068e+02
4.627677028622847502e+03,-1.012803124292634607e+02
4.249439345078393671e+03,-5.387405069809672113e+02
4.786709070313893790e+03,2.575039718420850363e+02
4.425808966630300347e+03,-4.267065752673348697e+02
4.983693783213132519e+03,4.102155781896017288e+02
4.601160321843029124e+03,-1.004327021410218208e+02
4.222839529904508709e+03,-5.359823728436277861e+02
4.760169966443234443e+03,2.561268790993690914e+02
4.399250306472282318e+03,-4.244733437261902509e+02
4.957198977486568765e+03,4.080821025265732374e+02
4.574621298947962714e+03,-9.990604327273335628e+01
4.196235914896760733e+03,-5.332432017867472496e+02
4.733630225300709753e+03,2.547474755419521557e+02
4.372688563892887942e+03,-4.222550189057870966e+02
4.930655115252629002e+03,4.059433309134849424e+02
4.548080431015439899e+03,-9.938999038197326286e+01
4.169628523972919538e+03,-5.305228849298996465e+02
4.707089852073879229e+03,2.533657740519191179e+02
4.346123758977006219e+03,-4.200515274905305318e+02
4.904110913867592899e+03,4.038029827144329147e+02
4.521537730297829512e+03,-9.888449077361428863e+01
4.143017381053719873e+03,-5.278213146633062252e+02
4.680548847480769837e+03,2.519817866495316423e+02
4.319555907665909217e+03,-4.178627526241536430e+02
4.877566383997526827e+03,4.016611295667065065e+02
4.494993204745595904e+03,-9.838946535011653793e+01
4.116402510062856891e+03,-5.251383846414831851e+02
4.654007215977530905e+03,2.505952144612238612e+02
4.292985029639514323e+03,-4.156886185125151769e+02
4.851021528660031436e+03,3.995177849576855351e+02
4.468446866186931402e+03,-9.790485999885247281e+01
4.089783934926970687e+03,-5.224739897770002699e+02
4.636418796087454211e+03,3.609477576537108234e+02
4.266411143471945252e+03,-4.135290384527808669e+02
4.824502174304004257e+03,3.976962776284391907e+02
4.441908106182401752e+03,-9.725813576996489473e+01
4.063161679575599464e+03,-5.198280262341778553e+02
4.609892529345684125e+03,3.591526209234870635e+02
4.239834267739770439e+03,-4.113839267391527414e+02
4.797956013166201046e+03,3.955479821336833197e+02
4.415357268979917535e+03,-9.678562964434011917e+01
4.036535767941196355e+03,-5.172003914229466091e+02
4.583348917839075511e+03,3.570754708938994213e+02
4.213254421022004863e+03,-4.092531986588180075e+02
4.771409100874560863e+03,3.933981302824256545e+02
4.388804109860057906e+03,-9.631729109037986802e+01
4.009906223959085764e+03,-5.145909839925906226e+02
4.556803465116011466e+03,3.550023299719214265e+02
4.186671621900077298e+03,-4.071367704866858617e+02
4.744861650652271237e+03,3.912467716921491387e+02
4.362248310648790721e+03,-9.584952104014013230e+01
3.983273071567458828e+03,-5.119997038256347537e+02
4.530256183991443322e+03,3.529331653062263285e+02
4.160085888957849420e+03,-4.050345594804755365e+02
4.718313251439581109e+03,3.890938307583854794e+02
4.335689889350041085e+03,-9.538233121116317648e+01
3.956636334707348396e+03,-5.094264520317300367e+02
4.503707081279136219e+03,3.508679813178169979e+02
4.133497240781557593e+03,-4.029464838758630663e+02
4.691763910947623117e+03,3.869393164681218309e+02
4.309128858186389152e+03,-9.491567142957202918e+01
3.929996037322610391e+03,-5.068711309415323285e+02
4.477156169372236036e+03,3.488067480327679846e+02
4.106905695959810146e+03,-4.008724628816044060e+02
4.674162517493011364e+03,4.976315313191986434e+02
4.282565234758314546e+03,-9.444954959952734441e+01
3.903352203359903342e+03,-5.043336441006587165e+02
4.450610849034640523e+03,3.469139263413713365e+02
4.080311273083595552e+03,-3.988124166747472827e+02
4.647628074405082771e+03,4.950735873215615470e+02
4.255999035013708635e+03,-9.398395615129049929e+01
3.876704856768674745e+03,-5.018138962636614906e+02
4.424054846496006576e+03,3.448764145228216762e+02
4.053713990746242871e+03,-3.967662663958076905e+02
4.621076417550570113e+03,4.922317921430101819e+02
4.229430274902648307e+03,-9.351888182565117802e+01
3.850054021501135594e+03,-4.993117933880410533e+02
4.397496121730910090e+03,3.428544314420115597e+02
4.027113867543425386e+03,-3.947339341440145404e+02
4.594522290536586297e+03,4.893947238528757566e+02
4.202858970377371406e+03,-9.305431767240506247e+01
3.823399721512247652e+03,-4.968272426282488823e+02
4.370934170443694711e+03,3.408534947727444546e+02
4.000510922073109214e+03,-3.927153429725441356e+02
4.567966309213333261e+03,4.865611995262959226e+02
4.176285137392225806e+03,-9.259025504908535709e+01
3.796741980759697071e+03,-4.943601523297824087e+02
4.344369014745971072e+03,3.388734692747046893e+02
3.973905172935588325e+03,-3.907104168838052374e+02
4.541407890070822759e+03,4.837348560307760295e+02
4.149708791903711244e+03,-9.212668561964710534e+01
3.770080823203885302e+03,-4.919104320232562486e+02
4.317800669330994424e+03,3.369143001183294359e+02
3.947296638733429063e+03,-3.887190808247243012e+02
4.514847050196301097e+03,4.809156394067147176e+02
4.123129949870421115e+03,-9.166360135319148128e+01
3.743416272807904079e+03,-4.894779924185140203e+02
4.291229155909642031e+03,3.349758577353410374e+02
3.920685338071480146e+03,-3.867412606820572591e+02
4.488290794418714540e+03,4.782716034661170283e+02
4.096548627253065206e+03,-9.120099452265439766e+01
3.716748353537517687e+03,-4.870627453988250863e+02
4.264654493994084987e+03,3.330580368523350216e+02
3.894071289556833108e+03,-3.847768832777514376e+02
4.461723610954782089e+03,4.754842360030648933e+02
4.069964840014419678e+03,-9.073885770350442215e+01
3.690077089361140679e+03,-4.846646040150209842e+02
4.238076703098954567e+03,3.311607328276210183e+02
3.867454511798844578e+03,-3.828258763643027578e+02
4.435153590565128070e+03,4.727104701825923598e+02
4.043378604119338888e+03,-9.027718377241896519e+01
3.663402504249822414e+03,-4.822834824797332089e+02
4.211495802741330408e+03,3.292838416474558016e+02
3.840835023409070345e+03,-3.808881686201297043e+02
4.408579436975367571e+03,4.699621418452578041e+02
4.016789935534752203e+03,-8.981596590595559348e+01
3.636724622177233869e+03,-4.799192961616171829e+02
4.184911812440755057e+03,3.274272599222488225e+02
3.814212843001302645e+03,-3.789636896450170411e+02
4.382001942761706232e+03,4.672334937098356704e+02
3.990198850229603522e+03,-8.935519757929064610e+01
3.610043467119637626e+03,-4.775719615796265884e+02
4.158324751719183951e+03,3.255908848826889539e+02
3.787587989191514225e+03,-3.770523699554853465e+02
4.355420366969940915e+03,4.645326072265319794e+02
3.963605364174882652e+03,-8.889487256483249666e+01
3.583359063055870593e+03,-4.752413963973309592e+02
4.131734640100980869e+03,3.237746143761317512e+02
3.760960480597856531e+03,-3.751541409803228930e+02
4.328834737739667617e+03,4.618593048128308283e+02
3.937009493343610757e+03,-8.843498493089160206e+01
3.556671433967339908e+03,-4.729275194172057013e+02
4.105141497112907928e+03,3.219783468628426704e+02
3.734330335840661064e+03,-3.732689350560098092e+02
4.302245073703616981e+03,4.592135119180247784e+02
3.910411253710788969e+03,-8.797552904039970656e+01
3.529980603837982471e+03,-4.706302505750226715e+02
4.078545342284114668e+03,3.202019814123823949e+02
3.707697573542400278e+03,-3.713966854222314851e+02
4.275651402604371469e+03,4.565950570133809947e+02
3.883810661253432045e+03,-8.751649954952917199e+01
3.503286596654259938e+03,-4.683495109342163687e+02
4.051946195146102582e+03,3.184454177000592381e+02
3.681062212327685302e+03,-3.695373262173936268e+02
4.249053749289133521e+03,4.540038005887873283e+02
3.857207731950506968e+03,-8.705789140633160628e+01
3.476589436405136894e+03,-4.660852226802932705e+02
4.025344075232736941e+03,3.167085560033835918e+02
3.654424270823249572e+03,-3.676907924741946090e+02
4.222452138608123278e+03,4.514396039948473458e+02
3.830602481782972973e+03,-8.659969984945186638e+01
3.449889147082057207e+03,-4.638373091153033556e+02
3.998739002080204500e+03,3.149912971985855279e+02
3.627783767657919270e+03,-3.658570201151354695e+02
4.195846595414586773e+03,4.489023294377467437e+02
3.803994926733716966e+03,-8.614192040670208428e+01
3.423185752678938115e+03,-4.616056946522580233e+02
3.972130995227020321e+03,3.132935427571870264e+02
3.601140721462625606e+03,-3.640359459481603608e+02
4.169237144564746814e+03,4.463918399740599057e+02
3.777385082787567626e+03,-8.568454889376829442e+01
3.396479277192130212e+03,-4.593903048096689758e+02
3.945520074213995940e+03,3.116151947426404831e+02
3.574495150870367070e+03,-3.622275076622368601e+02
4.142623810917797528e+03,4.439079995057594488e+02
3.750772965931299495e+03,-8.522758141280310440e+01
3.369769744620421989e+03,-4.571910662060640220e+02
3.918906258584230727e+03,3.099561558069826219e+02
3.547847074516204884e+03,-3.604316438229832897e+02
4.116006619335887081e+03,4.414506727751723361e+02
3.724158592153570225e+03,-8.477101435108912142e+01
3.343057178964996638e+03,-4.550079065545389199e+02
3.892289567883101427e+03,3.083163291875562777e+02
3.521196511037237542e+03,-3.586482938683337238e+02
4.089385594684098123e+03,4.390197253600783824e+02
3.697541977444943768e+03,-8.431484437963443668e+01
3.316341604229443419e+03,-4.528407546573184277e+02
3.865670021658251699e+03,3.066956187037624773e+02
3.494543479072597165e+03,-3.568773981041960610e+02
4.062760761830420961e+03,4.366150236688311566e+02
3.670923137797869913e+03,-8.385906845184864267e+01
3.289623044419706275e+03,-4.506895404003961403e+02
3.839047639459543007e+03,3.050939287539196130e+02
3.467887997263435864e+03,-3.551188977001517628e+02
4.036132145645728542e+03,4.342364349356088837e+02
3.644302089206663823e+03,-8.340368380209712029e+01
3.262901523544083830e+03,-4.485541947481515308e+02
3.812422440839080991e+03,3.035111643120825420e+02
3.441230084252885717e+03,-3.533727346851669040e+02
4.009499771003805563e+03,4.318838272156201583e+02
3.617678847667502396e+03,-8.294868794437368820e+01
3.236177065613209379e+03,-4.464346497380130927e+02
3.785794445351185914e+03,3.019472309249575801e+02
3.414569758686088335e+03,-3.516388519433326110e+02
3.982863662781260246e+03,4.295570693804957045e+02
3.591053429178402439e+03,-8.249407867088412161e+01
3.209449694640028611e+03,-4.443308384751589983e+02
3.759163672552362186e+03,3.004020347088944618e+02
3.387907039210126641e+03,-3.499171932096049318e+02
3.956223845857548440e+03,4.272560311136526821e+02
3.564425849739209298e+03,-8.203985405066339354e+01
3.182719434639777319e+03,-4.422426951272196334e+02
3.732530142001300646e+03,2.988754823468451605e+02
3.361241944474057163e+03,-3.482077030656029137e+02
3.929580345114949068e+03,4.249805829057666529e+02
3.537796125351591854e+03,-8.158601242816769172e+01
3.155986309629974130e+03,-4.401701549190265723e+02
3.705893873258860822e+03,2.973674810854524821e+02
3.334574493128859558e+03,-3.465103269353943460e+02
3.902933185438534565e+03,4.227305960503193205e+02
3.511164272019017062e+03,-8.113255242187752003e+01
3.129250343630384123e+03,-4.381131541274032770e+02
3.679254885888044555e+03,2.958779387321391141e+02
3.307904703827440699e+03,-3.448250110813061156e+02
3.876282391716169059e+03,4.205059426391671309e+02
3.484530305746732211e+03,-8.067947292290484995e+01
3.102511560663016098e+03,-4.360716300759218029e+02
3.652613199453998277e+03,2.944067636522462408e+02
3.281232595224620127e+03,-3.431517025997755468e+02
3.849627988838463807e+03,4.183064955581925801e+02
3.457894242541772201e+03,-8.022677309355383102e+01
3.075769984752094842e+03,-4.340455211297730216e+02
3.625968833523981175e+03,2.929538647662250810e+02
3.254558185977099129e+03,-3.414903494172021396e+02
3.822970001698788110e+03,4.161321284830544869e+02
3.431256098412933170e+03,-7.977445236593854361e+01
3.049025639924043389e+03,-4.320347666905822734e+02
3.599321807667357461e+03,2.915191515468817443e+02
3.227881494743463008e+03,-3.398409002858250005e+02
3.796308455193229292e+03,4.139827158749260434e+02
3.404615889370759305e+03,-7.932251044053849398e+01
3.022278550207473018e+03,-4.300393071913105132e+02
3.572672141455580459e+03,2.901025340166598312e+02
3.201202540184158352e+03,-3.382033047796235792e+02
3.769643374220573151e+03,4.118581329763602525e+02
3.377973631427518285e+03,-7.887094728478886907e+01
2.995528739633141413e+03,-4.280590840911482360e+02
3.546019854462184412e+03,2.887039227449683381e+02
3.174521340961469377e+03,-3.365775132902377891e+02
3.742974783682309408e+03,4.097582558072045913e+02
3.351329340597224927e+03,-7.841976313164914814e+01
2.968776232233961764e+03,-4.260940398704387917e+02
3.519364966262745838e+03,2.873232288455474190e+02
3.147837915739522941e+03,-3.349634770229077958e+02
3.716302708482578510e+03,4.076829611605433570e+02
3.324683032895574343e+03,-7.796895847818275627e+01
2.942021052044966837e+03,-4.241441180256545636e+02
3.492707496434899895e+03,2.859603639739218579e+02
3.121152283184253065e+03,-3.333611479924336436e+02
3.689627173528174808e+03,4.056321265987406832e+02
3.298034724339982404e+03,-7.751853408409927226e+01
2.915263223103288965e+03,-4.222092630643613234e+02
3.466047464558298998e+03,2.846152403248085534e+02
3.094464461963395934e+03,-3.317704790191453412e+02
3.662948203728537464e+03,4.036056304495222662e+02
3.271384430949526632e+03,-7.706849097032845464e+01
2.888502769448153686e+03,-4.202894205002501735e+02
3.439384890214610095e+03,2.832877706296864631e+02
3.067774470746471707e+03,-3.301914237249163762e+02
3.636265823995695882e+03,4.016033518021204713e+02
3.244732168744957107e+03,-7.661883041759541868e+01
2.861739715120849723e+03,-4.183845368481453306e+02
3.412719792987501933e+03,2.819778681543068046e+02
3.041082328204778150e+03,-3.286239365291695549e+02
3.609580059244277891e+03,3.996251705035105601e+02
3.218077953748696473e+03,-7.616955396492456032e+01
2.834974084164709438e+03,-4.164945596190829633e+02
3.386052192462615949e+03,2.806854466963121126e+02
3.014388053011360171e+03,-3.270679726449280906e+02
3.582890934391488372e+03,3.976709671546490199e+02
3.191421801984778085e+03,-7.572066340823215569e+01
2.808205900625103368e+03,-4.146194373154000345e+02
3.359382108227567642e+03,2.794104205828710406e+02
2.987691663840997990e+03,-3.255234880748701016e+02
3.556198474357086070e+03,3.957406231068115972e+02
3.164763729478888308e+03,-7.527216079885366184e+01
2.781435188549401573e+03,-4.127591194258342284e+02
3.332709559871919282e+03,2.781527046683790445e+02
2.960993179370204416e+03,-3.239904396073841326e+02
3.529502704063364035e+03,3.938340204580062505e+02
3.138103752258315126e+03,-7.482404844209651174e+01
2.754661971986973185e+03,-4.109135564206796971e+02
3.306034566987165817e+03,2.769122143321649787e+02
2.934292618277203928e+03,-3.224687848127117604e+02
3.502803648435133255e+03,3.919510420493766105e+02
3.111441886351948597e+03,-7.437632889574980766e+01
2.727886274989153662e+03,-4.090826997469492881e+02
3.279357149166729869e+03,2.756888654762744295e+02
2.907589999241898568e+03,-3.209584820390238065e+02
3.476101332399695366e+03,3.900915714617639765e+02
3.084778147790269486e+03,-7.392900496864400850e+01
2.701108121609231603e+03,-4.072665018235411480e+02
3.252677326005928080e+03,2.744825745232978988e+02
2.880885340945887492e+03,-3.194594904085799953e+02
3.449395780886842203e+03,3.882554930122249175e+02
3.058112552605331985e+03,-7.348207971916940551e+01
2.674327535902435102e+03,-4.054649160364974136e+02
3.225995117101975211e+03,2.732932584142139376e+02
2.854178662072412862e+03,-3.179717698138708215e+02
3.422687018828816235e+03,3.864426917506967243e+02
3.031445116830750976e+03,-7.303555645379891814e+01
2.647544541925900376e+03,-4.036778967342114584e+02
3.199310542053955487e+03,2.721208346062902592e+02
2.827469981306386217e+03,-3.164952809138145540e+02
3.395975071160308289e+03,3.846530534566576875e+02
3.004775856501679755e+03,-7.258943872561567900e+01
2.620759163738659936e+03,-4.019053992227038066e+02
3.172623620462814415e+03,2.709652210710451072e+02
2.800759317334340267e+03,-3.150299851299292868e+02
3.369259962818420263e+03,3.828864646358561004e+02
2.978104787654817756e+03,-7.214373033282696213e+01
2.593971425401629858e+03,-4.001473797609288567e+02
3.145934371931334226e+03,2.698263362922149327e+02
2.774046688844420714e+03,-3.135758446425438706e+02
3.342541718742666490e+03,3.811428125171462966e+02
2.951431926328376903e+03,-7.169843531728375297e+01
2.567181350977575676e+03,-3.984037955560809223e+02
3.119242816064133422e+03,2.687040992637934664e+02
2.747332114526384430e+03,-3.121328223870553416e+02
3.315820363874943268e+03,3.794219850493269632e+02
2.924757288562075246e+03,-7.125355796298129007e+01
2.540388964531110105e+03,-3.966746047589371642e+02
3.092548972467638123e+03,2.675984294881001233e+02
2.720615613071570806e+03,-3.107008820501779951e+02
3.289095923159512495e+03,3.777238708980311799e+02
2.898080890397127405e+03,-7.080910279457997092e+01
2.513594290128657576e+03,-3.949597664592417345e+02
3.065852860750070249e+03,2.665092469739041121e+02
2.693897203172889476e+03,-3.092799880661809198e+02
3.262368421542978922e+03,3.760483594427308844e+02
2.871402747876224566e+03,-7.036507457589588910e+01
2.486797351838450140e+03,-3.932592406810759371e+02
3.039154500521435239e+03,2.654364722345517862e+02
2.667176903524808040e+03,-3.078701056132298959e+02
3.235637883974273791e+03,3.743953407737448629e+02
2.844722877043523567e+03,-6.992147830841466316e+01
2.459998173730501094e+03,-3.915729883783067748e+02
3.012453911393505223e+03,2.643800262861770420e+02
2.640454732823331142e+03,-3.064712006096676760e+02
3.208904335404647554e+03,3.727647056893179069e+02
2.818041293944638710e+03,-6.947831922977560737e+01
2.433196779876577693e+03,-3.899009714300127030e+02
2.985751112979800837e+03,2.633398306459398555e+02
2.613730709765999563e+03,-3.050832397103248468e+02
3.182167800787623946e+03,3.711563456927598281e+02
2.791358014626613567e+03,-6.903560281226859274e+01
2.406393194350207068e+03,-3.882431526359604845e+02
2.959046124895580306e+03,2.623158073303108608e+02
2.587004853051854298e+03,-3.037061903029143650e+02
3.155428305079009988e+03,3.695701529896684860e+02
2.764673055137926440e+03,-6.859333476133153340e+01
2.379587441226631199e+03,-3.865994957121063180e+02
2.932338966757822618e+03,2.613078788533530314e+02
2.560277181381430637e+03,-3.023400205043697611e+02
3.128685873236859152e+03,3.680060204851259300e+02
2.737986431528461253e+03,-6.815152101403333518e+01
2.352779544582798735e+03,-3.849699652861093000e+02
2.905629658185209337e+03,2.603159682251259142e+02
2.533547713456750444e+03,-3.009846991572300112e+02
3.101940530221454537e+03,3.664638417810414239e+02
2.711298159849509375e+03,-6.771016773754338658e+01
2.325969528497345436e+03,-3.833545268928862697e+02
2.878918218798104135e+03,2.593399989500537686e+02
2.506816467981301685e+03,-2.996401958260624383e+02
3.075192300995299775e+03,3.649435111734978250e+02
2.684608256153733237e+03,-6.726928132764477652e+01
2.299157417050583263e+03,-3.817531469701715992e+02
2.852204668218560528e+03,2.583798950253631688e+02
2.480083463660012512e+03,-2.983064807938633294e+02
3.048441210523087193e+03,3.634449236501547489e+02
2.657916736495179066e+03,-6.682886840717752364e+01
2.272343234324456716e+03,-3.801657928541326328e+02
2.825489026070280033e+03,2.574355809395813139e+02
2.453348719199250354e+03,-2.969835250585207405e+02
3.021687283771684179e+03,3.619679748877495058e+02
2.631223616929243690e+03,-6.638893582453313513e+01
2.245527004402557395e+03,-3.785924327749670510e+02
2.798771311978610811e+03,2.565069816710303030e+02
2.426612253306798721e+03,-2.956713003292734925e+02
2.994930545710127262e+03,3.605125612495595533e+02
2.604528913512674990e+03,-6.594949065211707762e+01
2.218708751370078971e+03,-3.770330358525864654e+02
2.772051545570522649e+03,2.555940226864001943e+02
2.399874084691849021e+03,-2.943697790231726685e+02
2.968171021309571643e+03,3.590785797830361616e+02
2.577832642303542343e+03,-6.551054018483124253e+01
2.191888499313810371e+03,-3.754875720922478308e+02
2.745329746474605145e+03,2.546966299393274085e+02
2.373134232064980552e+03,-2.930789342616147337e+02
2.941408735543306648e+03,3.576659282173985730e+02
2.551134819361242990e+03,-6.507209193851657858e+01
2.165066272322109398e+03,-3.739560123802825728e+02
2.718605934321039513e+03,2.538147298690473974e+02
2.346392714138135489e+03,-2.917987398668284413e+02
2.914643713386709805e+03,3.562745049613152446e+02
2.524435460746475201e+03,-6.463415364843665145e+01
2.138242094484895460e+03,-3.724383284797957572e+02
2.691880128741594035e+03,2.529482493990629735e+02
2.319649549624627980e+03,-2.905291703584312017e+02
2.887875979817253665e+03,3.549042091006519399e+02
2.497734582521218726e+03,-6.419673326772618793e+01
2.111415989893618644e+03,-3.709344930264451250e+02
2.665152349369595413e+03,2.520971159358451814e+02
2.292904757239108221e+03,-2.892702009499795395e+02
2.861105559814458957e+03,3.535549403962540964e+02
2.471032200748741616e+03,-6.375983896585100297e+01
2.084587982641241524e+03,-3.694444795241811903e+02
2.638422615839930586e+03,2.512612573675911278e+02
2.266158355697548359e+03,-2.880218075455477447e+02
2.834332478359894139e+03,3.522265992817796700e+02
2.444328331493572477e+03,-6.332347912706945436e+01
2.057758096822235075e+03,-3.679682623410564588e+02
2.611690947789009442e+03,2.504406020630131025e+02
2.239410363717240216e+03,-2.867839667363148237e+02
2.807556760437160847e+03,3.509190868615773411e+02
2.417622990821486383e+03,-6.288766234887020801e+01
2.030926356532533191e+03,-3.665058167050753468e+02
2.584957364854775733e+03,2.496350788701669785e+02
2.212660800016767098e+03,-2.855566557971828274e+02
2.780778431031846594e+03,3.496323049086633432e+02
2.390916194799498044e+03,-6.245239744043134777e+01
2.004092785869543150e+03,-3.650571186999914630e+02
2.558221886676666145e+03,2.488446171153050273e+02
2.185909683315995153e+03,-2.843398526834056952e+02
2.753997515131545242e+03,3.483661558626781698e+02
2.364207959495844534e+03,-6.201769342107279215e+01
1.977257408932103317e+03,-3.636221452612384155e+02
2.531484532895610755e+03,2.480691466017889013e+02
2.159157032336060183e+03,-2.831335360272466346e+02
2.727214037725801973e+03,3.471205428279458829e+02
2.337498300979970281e+03,-6.158355951868463762e+01
1.950420249820477238e+03,-3.622008741717752400e+02
2.504745323154014841e+03,2.473085976090225415e+02
2.132402865799339907e+03,-2.819376851346357284e+02
2.700428023806120109e+03,3.458953695715845811e+02
2.310787235322520246e+03,-6.115000516818469123e+01
1.923581332636328170e+03,-3.607932840580542688e+02
2.478004277095741600e+03,2.465629008914309281e+02
2.105647202429451681e+03,-2.807522799818735280e+02
2.673639498365926556e+03,3.446905405216259055e+02
2.284074778595318094e+03,-6.071704000994650130e+01
1.896740681482707714e+03,-3.593993543859483566e+02
2.451261414366098506e+03,2.458319876774653210e+02
2.078890060951238866e+03,-2.795773012123171384e+02
2.646848486400564070e+03,3.435059607652220848e+02
2.257360946871354372e+03,-6.028467388825065854e+01
1.869898320464025119e+03,-3.580190654567250590e+02
2.424516754611811393e+03,2.451157896686623587e+02
2.052131460090735345e+03,-2.784127301331268995e+02
2.620055012907253513e+03,3.423415360468994209e+02
2.230645756224784236e+03,-5.985291684969961779e+01
1.843054273686037050e+03,-3.566523984030511656e+02
2.397770317481026723e+03,2.444142390387181649e+02
2.025371418575181679e+03,-2.772585487119946492e+02
2.593259102885114771e+03,3.411971727668433232e+02
2.203929222730891524e+03,-5.942177914168384234e+01
1.816208565255827580e+03,-3.552993351850313957e+02
2.371022122623289761e+03,2.437272684326292165e+02
1.998609955132976665e+03,-2.761147395739276931e+02
2.566460781335087177e+03,3.400727779792562728e+02
2.177211362466100127e+03,-5.899127121077189173e+01
1.789361219281788408e+03,-3.539598585862307800e+02
2.344272189689520474e+03,2.430548109658274711e+02
1.971847088493690308e+03,-2.749812859980052053e+02
2.539660073259971341e+03,3.389682593907397177e+02
2.150492191507942152e+03,-5.856140370116991534e+01
1.762512259873594303e+03,-3.526339522097776467e+02
2.317520538332003980e+03,2.423968002233952461e+02
1.945082837388025609e+03,-2.738581719141981239e+02
2.512857003664370495e+03,3.378835253587427587e+02
2.123771725935053382e+03,-5.813218745313810132e+01
1.735661711142199692e+03,-3.513216004744395491e+02
2.290767188204381455e+03,2.417531702592748957e+02
1.918317220547826309e+03,-2.727453819001885904e+02
2.486051597554680939e+03,3.368184848900688166e+02
2.097049981827152806e+03,-5.770363350142383752e+01
1.708809597199797054e+03,-3.500227886107796849e+02
2.264012158961626483e+03,2.411238555955540619e+02
1.891550256706033224e+03,-2.716429011781965528e+02
2.459243879939091130e+03,3.357730476393974186e+02
2.070326975265045803e+03,-5.727575307366966229e+01
1.681955942159816686e+03,-3.487375026572776733e+02
2.237255470260035054e+03,2.405087912217533130e+02
1.864781964596700846e+03,-2.705507156118467833e+02
2.432433875827531210e+03,3.347471239078823260e+02
2.043602722330583674e+03,-5.684855758884917520e+01
1.655100770136897154e+03,-3.474657294565338361e+02
2.210497141757199188e+03,2.399079125941682946e+02
1.838012362954954142e+03,-2.694688117030496528e+02
2.405621610231679824e+03,3.337406246417912712e+02
2.016877239106678417e+03,-5.642205865568656975e+01
1.628244105246874597e+03,-3.462074566514506841e+02
2.183737193112005116e+03,2.393211556352369769e+02
1.811241470516988556e+03,-2.683971765888927621e+02
2.378807108164937290e+03,3.327534614311910559e+02
1.990150541677265210e+03,-5.599626807106724868e+01
1.601385971606759767e+03,-3.449626726814751123e+02
2.156975643984615090e+03,2.387484567329479432e+02
1.784469306020054773e+03,-2.673357980385505357e+02
2.351990394642401043e+03,3.317855465086793174e+02
1.963422646127304233e+03,-5.557119781846132867e+01
1.574526393334712111e+03,-3.437313667788503722e+02
2.130212514036446009e+03,2.381897527402795163e+02
1.757695888202434162e+03,-2.662846644502253071e+02
2.325171494680853357e+03,3.308367927481678521e+02
1.936693568542758385e+03,-5.514686006633942128e+01
1.547665394550029532e+03,-3.425135289648858361e+02
2.103447822930154871e+03,2.376449809746807489e+02
1.730921235803436275e+03,-2.652437648481025008e+02
2.298350433298733606e+03,3.299071136637016366e+02
1.909963325010593280e+03,-5.472326716658505319e+01
1.520802999373130206e+03,-3.413091500462859926e+02
2.076681590329629216e+03,2.371140792175625052e+02
1.704145367563369973e+03,-2.642130888793101349e+02
2.271527235516137807e+03,3.289964234083500401e+02
1.883231931618745648e+03,-5.430043165290700813e+01
1.493939231925526883e+03,-3.401182216114508492e+02
2.049913835899966216e+03,2.365969857138595387e+02
1.677368302223534556e+03,-2.631926268109278340e+02
2.244701926354775424e+03,3.281046367731125315e+02
1.856499404456118327e+03,-5.387836623924985702e+01
1.467074116329813251e+03,-3.389407360268472758e+02
2.023144579307463800e+03,2.360936391716048490e+02
1.650590058526211124e+03,-2.621823695269819154e+02
2.217874530837967541e+03,3.272316691858888476e+02
1.829765759612572765e+03,-5.345708381821403066e+01
1.440207676709641191e+03,-3.377766864333964349e+02
1.996373840219594285e+03,2.356039787615250702e+02
1.623810655214635062e+03,-2.611823085254850412e+02
2.191045073990621859e+03,3.263774367105018541e+02
1.803031013178903549e+03,-5.303659745946174553e+01
1.413339937189704415e+03,-3.366260667428821307e+02
1.969601638304994822e+03,2.351279441167046116e+02
1.597030111032985815e+03,-2.601924359154797344e+02
2.164213580839223141e+03,3.255418560457362105e+02
1.776295181246834318e+03,-5.261692040810883952e+01
1.386470921895719812e+03,-3.354888716343683654e+02
1.942827993233464440e+03,2.346654753322503097e+02
1.570248444726377556e+03,-2.592127444141069077e+02
2.137380076411787286e+03,3.247248445244715640e+02
1.749558279909000021e+03,-5.219806608316064711e+01
1.359600654954402899e+03,-3.343650965506791977e+02
1.916052924675920622e+03,2.342165129650015842e+02
1.543465675040831684e+03,-2.582432273436924675e+02
2.110544585737875877e+03,3.239263201128113110e+02
1.722820325258931007e+03,-5.178004807590080105e+01
1.332729160493455311e+03,-3.332547376948723468e+02
1.889276452304407258e+03,2.337809980332808095e+02
1.516681820723272267e+03,-2.572838786288566553e+02
2.083707133848555259e+03,3.231462014092838331e+02
1.696081333391050521e+03,-5.136288014829624160e+01
1.305856462641547978e+03,-3.321577920267631612e+02
1.862498595792076685e+03,2.333588720166654298e+02
1.489896900521505358e+03,-2.563346927936482871e+02
2.056867745776386073e+03,3.223844076440841491e+02
1.669341320400645373e+03,-5.094657623141438307e+01
1.278982585528289974e+03,-3.310742572594498938e+02
1.835719374813159448e+03,2.329500768557965955e+02
1.463110933184206715e+03,-2.553956649586569654e+02
2.030026446555402117e+03,3.216408586783513215e+02
1.642600302383859571e+03,-5.053115042381920574e+01
1.252107553284221694e+03,-3.300041318558809280e+02
1.808938809042965204e+03,2.325545549522183819e+02
1.436323937460900652e+03,-2.544667908382301960e+02
2.003183261221092152e+03,3.209154750035137340e+02
1.615858295437690231e+03,-5.011661698997700398e+01
1.225231390040789620e+03,-3.289474150254562801e+02
1.782156918157861128e+03,2.321722491682538134e+02
1.409535932101956405e+03,-2.535480667376062911e+02
1.976338214810376712e+03,3.202081777406390302e+02
1.589115315659957332e+03,-4.970299035866103310e+01
1.198354119930330853e+03,-3.279041067206318303e+02
1.755373721835254401e+03,2.318031028269140279e+02
1.382746935858555844e+03,-2.526394895501575775e+02
1.949491332361600143e+03,3.195188886398780710e+02
1.562371379149302584e+03,-4.929028512135693063e+01
1.171475767086045835e+03,-3.268742076335727234e+02
1.728589239753576749e+03,2.314470597118229591e+02
1.355956967482696427e+03,-2.517410567545792617e+02
1.922642638914497184e+03,3.188475300798971830e+02
1.535626502005170096e+03,-4.887851603066068407e+01
1.144596355641997889e+03,-3.258577191928166599e+02
1.701803491592275577e+03,2.311040640672037512e+02
1.329166045727159826e+03,-2.508527664121671421e+02
1.895792159510181591e+03,3.181940250674030608e+02
1.508880700327792283e+03,-4.846769799868814488e+01
1.117715909733066837e+03,-3.248546435599708389e+02
1.675016497031790323e+03,2.307740605978575559e+02
1.302374189345509421e+03,-2.499746171640553314e+02
1.868939919191132049e+03,3.175582972366815966e+02
1.482133990218180998e+03,-4.805784609546896036e+01
1.090834453494957870e+03,-3.238649836264355031e+02
1.648228275753540856e+03,2.304569944692167951e+02
1.275581417092065749e+03,-2.491066082285016137e+02
1.842085943001162832e+03,3.169402708491912790e+02
1.455386387778109565e+03,-4.764897554736115382e+01
1.063952011064161752e+03,-3.228887430101648874e+02
1.621438847439916344e+03,2.301528113073920565e+02
1.248787747721895812e+03,-2.482487393982053163e+02
1.815230255985406529e+03,3.163398707931930858e+02
1.428637909110103465e+03,-4.724110173543859759e+01
1.037068606577949367e+03,-3.219259260524219712e+02
1.594648231774247051e+03,2.298614571992734170e+02
1.221993199990799440e+03,-2.474010110376105445e+02
1.788372883190308812e+03,3.157570225834258508e+02
1.401888570317421454e+03,-4.683424019390736248e+01
1.010184264174339773e+03,-3.209765378145991122e+02
1.567856448440803661e+03,2.295828786926571183e+02
1.195197792655284502e+03,-2.465634240802637578e+02
1.761513849663585916e+03,3.151916523608257421e+02
1.375138387504045568e+03,-4.642840660850508527e+01
9.832990079920949711e+02,-3.200405840750404991e+02
1.541063517124771806e+03,2.293170227963946957e+02
1.168401544472568503e+03,-2.457359800261629346e+02
1.734653180454228504e+03,3.146436868922887129e+02
1.348387376774671111e+03,-4.602361681489583134e+01
9.564128621706904596e+02,-3.191180713259053618e+02
1.514269457512242752e+03,2.290638369805743082e+02
1.141604474200543109e+03,-2.449186809391404722e+02
1.707790900612463474e+03,3.141130535704655813e+02
1.321635554234680740e+03,-4.561988679708581174e+01
9.295258508503029589e+02,-3.182090067700470399e+02
1.487474289290192701e+03,2.288232691767546783e+02
1.114806600597773922e+03,-2.441115294442769539e+02
1.680927035189753497e+03,3.135996804136092351e+02
1.294882935990144915e+03,-4.521723268581661159e+01
9.026379981717867622e+02,-3.173133983179259872e+02
1.460678032146470059e+03,2.285952677781850468e+02
1.088007942423481154e+03,-2.433145287253126696e+02
1.654061609238759274e+03,3.131034960654582164e+02
1.268129538147801668e+03,-4.481567075697973479e+01
8.757493282766575931e+02,-3.164312545845457407e+02
1.433880705769783845e+03,2.283797816401151408e+02
1.061208518437522798e+03,-2.425276825220895773e+02
1.627194647813337724e+03,3.126244297951614044e+02
1.241375376815044319e+03,-4.441521743001319322e+01
8.488598653070702085e+02,-3.155625848864281693e+02
1.407082329849677080e+03,2.281767600800608875e+02
1.034408347400374396e+03,-2.417509951280198095e+02
1.600326175968510825e+03,3.121624114972482857e+02
1.214620468099906475e+03,-4.401588926630885368e+01
8.219696334058036200e+02,-3.147073992385937800e+02
1.380282924076525660e+03,2.279861528781785296e+02
1.007607448073128239e+03,-2.409844713875658044e+02
1.573456218760448564e+03,3.117173716916294666e+02
1.187864828111051565e+03,-4.361770296762711041e+01
7.950786567162382426e+02,-3.138657083515977320e+02
1.353482508141512653e+03,2.278079102775961076e+02
9.808058392174619939e+02,-2.402281166937394801e+02
1.546584801246457118e+03,3.112892415236538568e+02
1.161108472957750109e+03,-4.322067537448864982e+01
7.681869593823421383e+02,-3.130375236285613596e+02
1.326681101736614664e+03,2.276419829848370284e+02
9.540035395956315369e+02,-2.394819369856331832e+02
1.519711948484949062e+03,3.108779527641874552e+02
1.134351418749884260e+03,-4.282482346459900668e+01
7.412945655486419128e+02,-3.122228571622633240e+02
1.299878724554590917e+03,2.274883221702175717e+02
9.272005679704556087e+02,-2.387459387459582558e+02
1.492837685535435412e+03,3.104834378097438616e+02
1.107593681597917112e+03,-4.243016435124641106e+01
7.144014993602175991e+02,-3.114217217322371880e+02
1.273075396288960746e+03,2.273468794683142846e+02
9.003969431053012613e+02,-2.380201289986105735e+02
1.465962037458500390e+03,3.101056296826562857e+02
1.080835277612884056e+03,-4.203671528171607008e+01
6.875077849626702573e+02,-3.106341308019069629e+02
1.246271136633994502e+03,2.272176069784472929e+02
8.735926837640613485e+02,-2.373045153062604697e+02
1.439085029315778456e+03,3.097444620312818984e+02
1.054076222906386647e+03,-4.164449363570242468e+01
6.606134465021129927e+02,-3.098600985157369223e+02
1.219465965284693539e+03,2.271004572651732474e+02
8.467878087111486138e+02,-2.365991057679508742e+02
1.412206686169944987e+03,3.093998691302462589e+02
1.027316533590566905e+03,-4.125351692372333900e+01
6.337185081251456040e+02,-3.090996396964362702e+02
1.192659901936782717e+03,2.269953833588406837e+02
8.199823367114761368e+02,-2.359039090167320012e+02
1.385327033084691493e+03,3.090717858807347511e+02
1.000556225778102316e+03,-4.086380278552728385e+01
6.068229939788386673e+02,-3.083527698421622745e+02
1.165852966286680839e+03,2.269023387561521758e+02
7.931762865304381194e+02,-2.352189342173057867e+02
1.358446095124706972e+03,3.087601478108123843e+02
9.737953155821904829e+02,-4.047536898851890186e+01
5.799269282107134131e+02,-3.076195051237676807e+02
1.139045178031498381e+03,2.268212774207486007e+02
7.663696769339036337e+02,-2.345441910636887997e+02
1.331563897355654944e+03,3.084648910757946965e+02
9.470338191165367334e+02,-4.008823342616723551e+01
5.530303349687203536e+02,-3.068998623820808120e+02
1.112236556869014748e+03,2.267521537838456425e+02
7.395625266881910420e+02,-2.338796897769193492e+02
1.304680464844166863e+03,3.081859524586369616e+02
9.202717524953318389e+02,-3.970241411643351626e+01
5.261332384012272314e+02,-3.061938591251966955e+02
1.085427122497668961e+03,2.266949227448751003e+02
7.127548545600636771e+02,-2.332254411027452647e+02
1.277795822657808003e+03,3.079232693703867767e+02
8.935091318332538322e+02,-3.931792920017867488e+01
4.992356626569919626e+02,-3.055015135258150849e+02
1.058616894616534182e+03,2.266495396721659006e+02
6.859466793167039214e+02,-2.325814563093765344e+02
1.250909995865070414e+03,3.076767798506647296e+02
8.667459732454423147e+02,-3.893479693960478727e+01
4.723376318851492783e+02,-3.048228444185943431e+02
1.031805892925315220e+03,2.266159604036508313e+02
6.591380197257024065e+02,-2.319477471852253530e+02
1.224023009535345409e+03,3.074464225681688845e+02
8.399822928474858372e+02,-3.855303571665790230e+01
4.454391702351891809e+02,-3.041578712975482972e+02
1.004994137124322720e+03,2.265941412475959282e+02
6.323288945550445987e+02,-2.313243260366884613e+02
1.197134888738909922e+03,3.072321368212371340e+02
8.132181067554174660e+02,-3.817266403146995657e+01
4.185403018569352867e+02,-3.035066143134515642e+02
9.781816469144589519e+02,2.265840389833647066e+02
6.055193225730973836e+02,-2.307112056859351128e+02
1.170245658546904451e+03,3.070338625384385978e+02
7.864534310856894308e+02,-3.779370050078099297e+01
3.916410509005334006e+02,-3.028690942712905780e+02
9.513684419972091746e+02,2.265856108622021168e+02
5.787093225485821222e+02,-2.301083994687348024e+02
1.143355344031317372e+03,3.068515402792009468e+02
7.596882819551691455e+02,-3.741616385637043152e+01
3.647414415164236630e+02,-3.022453326277421866e+02
9.245545420746216223e+02,2.265988146080509580e+02
5.518989132505730595e+02,-2.295159212322955113e+02
1.116463970264959926e+03,3.066851112344805301e+02
7.329226754811171531e+02,-3.704007294349227664e+01
3.378414978553285550e+02,-3.016353514886719722e+02
8.977399668492877254e+02,2.266236084183884714e+02
5.250881134484747008e+02,-2.289337853331121835e+02
1.089571562321452802e+03,3.065345172274626293e+02
7.061566277811840564e+02,-3.666544671930606114e+01
3.109412440682290821e+02,-3.010391736066699195e+02
8.709247360243348339e+02,2.266599509650999096e+02
4.982769419120061798e+02,-2.283620066348647129e+02
1.062678145275204997e+03,3.063997007142979214e+02
6.793901549733845968e+02,-3.629230425131555648e+01
2.840407043063499941e+02,-3.004568223786170051e+02
8.441088693034083690e+02,2.267078013953695290e+02
4.714654174111922771e+02,-2.278006005063170960e+02
1.035783744201397894e+03,3.062806047848844742e+02
6.526232731760966317e+02,-3.592066471581329523e+01
2.571399027211334669e+02,-2.998883218432771400e+02
8.172923863906497672e+02,2.267671193325951151e+02
4.446535587163378977e+02,-2.272495828192404872e+02
1.008888384175959800e+03,3.061771731636836762e+02
6.258559985080366914e+02,-3.555054739631608385e+01
2.302388634642299223e+02,-2.993336966789173061e+02
7.904753069906911378e+02,2.268378648773465898e+02
4.178413845980225574e+02,-2.267089699463685122e+02
9.819920902755485486e+02,3.060893502105565744e+02
5.990883470882520214e+02,-3.518197168201846381e+01
2.033376106874728464e+02,-2.987929722009628790e+02
7.636576508086311605e+02,2.269199986083257841e+02
3.910289138270808280e+02,-2.261787787593613643e+02
9.550948875775397937e+02,3.060170809216637622e+02
5.723203350361081903e+02,-3.481495706623535824e+01
1.764361685428577289e+02,-2.982661743596799511e+02
7.368394375500287197e+02,2.270134815833733910e+02
3.642161651745832387e+02,-2.256590266268075027e+02
9.281968011599981310e+02,3.059603109303758401e+02
5.455519784712724913e+02,-3.444952314485474432e+01
1.495345611825313483e+02,-2.977533297378902262e+02
7.100206869208744820e+02,2.271182753404884522e+02
3.374031574118297954e+02,-2.251497314122304942e+02
9.012978561016665253e+02,3.059189865082299775e+02
5.187832935137009827e+02,-3.408568961479343784e+01
1.226328127587624692e+02,-2.972544655487093337e+02
6.832014186275910106e+02,2.272343418988760959e+02
3.105899093103246287e+02,-2.246509114721323783e+02
8.743980774819380031e+02,3.058930545659297309e+02
4.920142962836258675e+02,-3.372347627245324020e+01
9.573094742393010392e+01,-2.967696096333266951e+02
6.563816523770027516e+02,2.273616437600312281e+02
2.837764396417702528e+02,-2.241625856540499342e+02
8.474974903808466706e+02,3.058824626543627687e+02
4.652450029015399764e+02,-3.336290301218288334e+01
6.882898933050356050e+01,-2.962987904588070478e+02
6.295614078763321686e+02,2.275001439088277380e+02
2.569627671780461355e+02,-2.236847732946462202e+02
8.205961198790399749e+02,3.058871589656631045e+02
4.384754294881879559e+02,-3.300398982473958398e+01
4.192696263101954912e+01,-2.958420371159269280e+02
6.027407048331785973e+02,2.276498058146496817e+02
2.301489106911932083e+02,-2.232174942178065749e+02
7.936939910577661976e+02,3.059070923343161894e+02
4.117055921645488752e+02,-3.264675679575842082e+01
1.502489147806795344e+01,-2.953993793170375284e+02
5.759195629554994866e+02,2.278105934325415660e+02
2.033348889534012756e+02,-2.227607687327735562e+02
7.667911289988509225e+02,3.059422122382789553e+02
3.849355070518186608e+02,-3.229122410422357348e+01
-1.187719997573133490e+01,-2.949708473939632540e+02
5.490980019516016455e+02,2.279824712043840975e+02
1.765207207369927858e+02,-2.223146176322958070e+02
7.398875587846800954e+02,3.059924688001540858e+02
3.581651902714080506e+02,-3.193741202094343379e+01
-3.877928757774485291e+01,-2.945564722959359187e+02
5.222760415301256671e+02,2.281654040600888891e+02
1.497064248144087344e+02,-2.218790621908034950e+02
7.129833054981831992e+02,3.060578127883825914e+02
3.313946579449155365e+02,-3.158534090701984809e+01
-6.568134717534691447e+01,-2.941562855875422429e+02
4.954537014000234194e+02,2.283593574188275568e+02
1.228920199581907582e+02,-2.214541241626087640e+02
6.860783942228056276e+02,3.061381956184819160e+02
3.046239261941264544e+02,-3.123503121234608315e+01
-9.258335461593415516e+01,-2.937703194467265462e+02
4.686310012705504278e+02,2.285642971902831277e+02
9.607752494096621376e+01,-2.210398257801207080e+02
6.591728500425033417e+02,3.062335693543165007e+02
2.778530111409888264e+02,-3.088650347407837771e+01
-1.194852857469496143e+02,-2.933986066628017966e+02
4.418079608512462642e+02,2.287801897759158294e+02
6.926295853543238934e+01,-2.206361897520998809e+02
6.322666980417092191e+02,3.063438867093884141e+02
2.510819289076065388e+02,-3.053977831513232033e+01
-1.463871164158985891e+02,-2.930411806345150012e+02
4.149845998519169825e+02,2.290070020702669922e+02
4.244833951434659980e+01,-2.202432392619137431e+02
6.053599633053233902e+02,3.064691010481847115e+02
2.243106956162244501e+02,-3.019487644267547566e+01
-1.732888224703712581e+02,-2.926980753681235683e+02
3.881609379826284112e+02,2.292447014622767654e+02
1.563368665050460038e+01,-2.198609979658378961e+02
5.784526709186951621e+02,3.066091663875363338e+02
1.975393273892118202e+02,-2.985181864662574114e+01
-2.001903797580571620e+02,-2.923693254755189628e+02
3.613369949536778449e+02,2.294932558366326418e+02
-1.118098128327451057e+01,-2.194894899913701352e+02
5.515448459675958475e+02,3.067640373980257209e+02
1.707678403490534720e+02,-2.951062579815337017e+01
-2.270917641267660940e+02,-2.920549661723731560e+02
3.345127904755914301e+02,2.297526335751367128e+02
-3.799564551415873126e+01,-2.191287399355633738e+02
5.246365135382051221e+02,3.069336694054189820e+02
1.439962506183304072e+02,-2.917131884818638454e+01
-2.539929514244487052e+02,-2.917550332763220808e+02
3.076883442591005746e+02,2.300228035580960864e+02
-6.481028726932471784e+01,-2.187787728633961706e+02
4.977276987170920961e+02,3.071180183921271691e+02
1.172245743197124739e+02,-2.883391882592305677e+01
-2.808939174992144103e+02,-2.914695632051816006e+02
2.808636760151273393e+02,2.303037351657464740e+02
-9.162488777596696821e+01,-2.184396143061527482e+02
4.708184265911984312e+02,3.073170409987188805e+02
9.045282757594280554e+01,-2.849844683734303885e+01
-3.077946381993481850e+02,-2.911985929751908202e+02
2.540388054547748595e+02,2.305953982796832804e+02
-1.184394282613163796e+02,-2.181112902598417804e+02
4.439087222478087824e+02,3.075306945254410493e+02
6.368102650982022084e+01,-2.816492406374022650e+01
-3.346950893733349517e+02,-2.909421601992959836e+02
2.272137522893007429e+02,2.308977632843341894e+02
-1.452538899526587954e+02,-2.177938271836238187e+02
4.169986107745477284e+02,3.077589369337900393e+02
3.690918724418988717e+01,-2.783337176023135839e+01
-3.615952468698737334e+02,-2.907003030854578469e+02
2.003885362301139992e+02,2.312108010684349324e+02
-1.720682540773421465e+02,-2.174872519982772587e+02
3.900881172593465180e+02,3.080017268481043970e+02
1.013732590192959293e+01,-2.750381125429518292e+01
-3.884950865378975777e+02,-2.904730604350082785e+02
1.735631769887530140e+02,2.315344830265462974e+02
-1.988825018628001544e+02,-2.171915920846774952e+02
3.631772667904304512e+02,3.082590235571975654e+02
-1.663454139406417198e+01,-2.717626394430879344e+01
-4.153945842265940769e+02,-2.902604716410133960e+02
1.467376942768681545e+02,2.318687810605855475e+02
-2.256966145365615262e+02,-2.169068752823102670e+02
3.362660844563022806e+02,3.085307870160162906e+02
-4.340639852089049100e+01,-2.685075129807876593e+01
-4.422937157854240127e+02,-2.900625766866970707e+02
1.199121078062106136e+02,2.322136675813747217e+02
-2.525105733262695367e+02,-2.166331298878019709e+02
3.093545953457157793e+02,3.088169778473330780e+02
-7.017822935565830278e+01,-2.652729485139661136e+01
-4.691924570641413652e+02,-2.898794161438859192e+02
9.308643728861582645e+01,2.325691155102282437e+02
-2.793243594596953585e+02,-2.163703846534799311e+02
2.824428245476642019e+02,3.091175573434663875e+02
-9.695001777550012889e+01,-2.620591620658160181e+01
-4.960907839128091723e+02,-2.897110311714806699e+02
6.626070243598783804e+01,2.329350982805457591e+02
-3.061379541647524434e+02,-2.161186687859530480e+02
2.555307971513556140e+02,3.094324874680469861e+02
-1.237217476575815880e+02,-2.588663703103972935e+01
-5.229886721818187425e+02,-2.895574635139788597e+02
3.943492296028383493e+01,2.333115898394365786e+02
-3.329513386695124382e+02,-2.158780119447208108e+02
2.286185382461988524e+02,3.097617308577895869e+02
-1.504934028791176104e+02,-2.556947905582094194e+01
-5.498860977219169399e+02,-2.894187555000158341e+02
1.260911857349755572e+01,2.336985646493654372e+02
-3.597644942022246823e+02,-2.156484442408105622e+02
2.017060729217779453e+02,3.101052508243226953e+02
-1.772649673173901022e+02,-2.525446407419196149e+01
-5.767830363842106181e+02,-2.892949500409469010e+02
-1.421669101235673871e+01,2.340959976898203649e+02
-3.865774019913250186e+02,-2.154299962354317017e+02
1.747934262678399477e+02,3.104630113560252767e+02
-2.040364248497528763e+02,-2.494161394020528277e+01
-6.036794640202020901e+02,-2.891860906294646725e+02
-4.104248608525526265e+01,2.345038644589991463e+02
-4.133900432654552333e+02,-2.152226989386616651e+02
1.478806233742720053e+02,3.108349771199200404e+02
-2.308077593536540917e+02,-2.463095056726876919e+01
-6.305753564817938468e+02,-2.890922213382472137e+02
-6.786824693318293100e+01,2.349221409755211880e+02
-4.402023992534743684e+02,-2.150265838081554648e+02
1.209676893310842161e+02,3.112211134635667804e+02
-2.575789547066422642e+02,-2.432249592674520144e+01
-6.574706896213127720e+02,-2.890133868186410950e+02
-9.469395384415304306e+01,2.353508037801610726e+02
-4.670144511844810040e+02,-2.148416827478804407e+02
9.405464922838727659e+01,3.116213864170136389e+02
-2.843499947863840021e+02,-2.401627204653465242e+01
-6.843654392915372000e+02,-2.889496322993861099e+02
-1.215195871062138337e+02,2.357898299376028035e+02
-4.938261802878241724e+02,-2.146680281068806835e+02
6.714152815637530125e+01,3.120357626947653671e+02
-3.111208634706798648e+02,-2.371230100966317522e+01
-7.112595813457023723e+02,-2.889010035853597742e+02
-1.483451270074732520e+02,2.362391970382201407e+02
-5.206375677931160908e+02,-2.145056526780583113e+02
4.022835120530955777e+01,3.124642096977785286e+02
-3.378915446374704175e+02,-2.341060495289230303e+01
-7.381530916375271545e+02,-2.888675470563777594e+02
-1.751705538361075583e+02,2.366988831998662874e+02
-5.474485949302519430e+02,-2.143545896969929174e+02
1.331514346549750272e+01,3.129066955154982566e+02
-3.646620221648547044e+02,-2.311120606533098609e+01
-7.650459460212337035e+02,-2.888493096660101287e+02
-2.019958478803771982e+02,2.371688670696995302e+02
-5.742592429294218164e+02,-2.142148728407784120e+02
-1.359806997272999318e+01,3.133631889279136544e+02
-3.914322799311062795e+02,-2.281412658703457552e+01
-7.919381203515655443e+02,-2.888463389404444115e+02
-2.288209894286499093e+02,2.376491278260222657e+02
-6.010694930211321889e+02,-2.140865362268863805e+02
-4.051126401903410112e+01,3.138336594076501456e+02
-4.182023018146826416e+02,-2.251938880764738826e+01
-8.188295904838003025e+02,-2.888586829773835234e+02
-2.556459587694064055e+02,2.381396451801412866e+02
-6.278793264362154787e+02,-2.139696144120622421e+02
-6.742441358308464316e+01,3.143180771220854126e+02
-4.449720716942386503e+02,-2.222701506501154611e+01
-8.457203322737796043e+02,-2.888863904449712550e+02
-2.824707361912593342e+02,2.386403993782513453e+02
-6.546887244058424358e+02,-2.138641423912417565e+02
-9.433749357458427198e+01,3.148164129355021146e+02
-4.717415734486406222e+02,-2.193702774380673759e+01
-8.726103215779202174e+02,-2.889295105807648838e+02
-3.092953019829721484e+02,2.391513712033408012e+02
-6.814976681615464713e+02,-2.137701555964982276e+02
-1.212504789032834935e+02,3.153286384112660130e+02
-4.985107909569815092e+02,-2.164944927419352538e+01
-8.994995342532364475e+02,-2.889880931907341619e+02
-3.361196364334725217e+02,2.396725419771084660e+02
-7.083061389352351398e+02,-2.136876898960110225e+02
-1.481633444790033707e+02,3.158547258140301324e+02
-5.252797080985940283e+02,-2.136430213045930060e+01
-9.263879461573592380e+02,-2.890621886483049252e+02
-3.629437198318639730e+02,2.402038935619236497e+02
-7.351141179592013941e+02,-2.136167815930699021e+02
-1.750760652116530594e+02,3.163946481119709233e+02
-5.520483087530648163e+02,-2.108160882966845406e+01
-9.532755331485511761e+02,-2.891518478934352743e+02
-3.897675324674457329e+02,2.407454083627772548e+02
-7.619215864661418891e+02,-2.135574674250983662e+02
-2.019886160112464779e+02,3.169483789790551782e+02
-5.788165768002447749e+02,-2.080139193033707201e+01
-9.801622710857280936e+02,-2.892571224317242127e+02
-4.165910546297261590e+02,2.412970693292788269e+02
-7.887285256891759673e+02,-2.135097845627090862e+02
-2.289009717879232255e+02,3.175158927973319010e+02
-6.055844961202629975e+02,-2.052367403108196697e+01
-1.007048135828486238e+03,-2.893780643335687728e+02
-4.434142666084412667e+02,2.418588599576569607e+02
-8.155349168618556632e+02,-2.134737706087784090e+02
-2.558131074519707511e+02,3.180971646592562934e+02
-6.323520505935475740e+02,-2.024847776931258991e+01
-1.033933103237104888e+03,-2.895147262333404115e+02
-4.702371486935672920e+02,2.424307642927898598e+02
-8.423407412181854852e+02,-2.134494635975671883e+02
-2.827249979138370577e+02,3.186921703700434705e+02
-6.591192241008270685e+02,-1.997582581990197426e+01
-1.060817149172579548e+03,-2.896671613286166576e+02
-4.970596811753349584e+02,2.430127669302550544e+02
-8.691459799926318510e+02,-2.134369019938477550e+02
-3.096366180841540086e+02,3.193008864500329764e+02
-6.858860005231546211e+02,-1.970574089389225136e+01
-1.087700249496630022e+03,-2.898354233794431707e+02
-5.238818443442473836e+02,2.436048530183942091e+02
-8.959506144201410507e+02,-2.134361246920671249e+02
-3.365479428737579042e+02,3.199232901371170783e+02
-7.126523637419168153e+02,-1.943824573718010384e+01
-1.114582380071731905e+03,-2.900195667076293375e+02
-5.507036184910965630e+02,2.442070082603994194e+02
-9.227546257361592552e+02,-2.134471710155438018e+02
-3.634589471937021585e+02,3.205593593891653654e+02
-7.394182976388484576e+02,-1.917336312922103758e+01
-1.141463516761127721e+03,-2.902196461960808733e+02
-5.775249839069750806e+02,2.448192189164291221e+02
-9.495579951766450222e+02,-2.134700807156858957e+02
-3.903696059552845554e+02,3.212090728864818061e+02
-7.661837860960426951e+02,-1.891111588175344238e+01
-1.168343635428840571e+03,-2.904357172881835822e+02
-6.043459208832952072e+02,2.454414718057281561e+02
-9.763607039780773675e+02,-2.135048939712411880e+02
-4.172798940700583330e+02,3.218724100343076771e+02
-7.929488129959712523e+02,-1.865152683751394846e+01
-1.195222711939706414e+03,-2.906678359872114470e+02
-6.311664097118023165e+02,2.460737543087818722e+02
-1.003162733377482027e+03,-2.135516513875681710e+02
-4.441897864498557738e+02,3.225493509653368278e+02
-8.197133622214894331e+02,-1.839461886896209819e+01
-1.222100722159380211e+03,-2.909160588557754750e+02
-6.579864306845898909e+02,2.467160543694789965e+02
-1.029964064612441462e+03,-2.136103939959456284e+02
-4.710992580068082134e+02,3.232398765422569795e+02
-8.464774176558589716e+02,-1.814041487702953148e+01
-1.248977641954370711e+03,-2.911804430153136423e+02
-6.848059640941185080e+02,2.473683604972991645e+02
-1.056764678921105997e+03,-2.136811632529052645e+02
-4.980082836533633213e+02,3.239439683603287676e+02
-8.732409631827528074e+02,-1.788893778985091743e+01
-1.275853447192039766e+03,-2.914610461456280746e+02
-7.116249902332244801e+02,2.480306617695243006e+02
-1.083564557542224520e+03,-2.137640010395937793e+02
-5.249168383023023807e+02,3.246616087499878631e+02
-9.000039826862766859e+02,-1.764021056152433431e+01
-1.302728113740635308e+03,-2.917579264844336535e+02
-7.384434893951440699e+02,2.487029478334615931e+02
-1.110363681715138682e+03,-2.138589496611639333e+02
-5.518248968667605823e+02,3.253927807794723321e+02
-9.267664600509782531e+02,-1.739425617087938392e+01
-1.329601617469305666e+03,-2.920711428269848966e+02
-7.652614418735206527e+02,2.493852089086925332e+02
-1.137162032679811773e+03,-2.139660518461983543e+02
-5.787324342602485103e+02,3.261374682574749500e+02
-9.535283791618561509e+02,-1.715109762023198314e+01
-1.356473934248124124e+03,-2.924007545257062475e+02
-7.920788279624281358e+02,2.500774357893315027e+02
-1.163959591676845548e+03,-2.140853507461505671e+02
-6.056394253966673205e+02,3.268956557358328610e+02
-9.802897239043860509e+02,-1.691075793418137962e+01
-1.383345039948098247e+03,-2.927468214898794940e+02
-8.188956279563785756e+02,2.507796198463153985e+02
-1.190756339947483866e+03,-2.142168899348340858e+02
-6.325458451903339210e+02,3.276673285122304264e+02
-1.007050478164519404e+03,-1.667326015838013831e+01
-1.410214910441191705e+03,-2.931094041853751264e+02
-8.457118221503425275e+02,2.514917530297096278e+02
-1.217552258733640656e+03,-2.143607134079252887e+02
-6.594516685559900679e+02,3.284524726329464102e+02
-1.033810625828708453e+03,-1.643862735834210653e+01
-1.437083521600351787e+03,-2.934885636344133104e+02
-8.725273908397612104e+02,2.522138278710245345e+02
-1.244347329277906056e+03,-2.145168655824975303e+02
-6.863568704088326058e+02,3.292510748955978102e+02
-1.060570150783916915e+03,-1.620688261824041732e+01
-1.463950849299515994e+03,-2.938843614153591943e+02
-8.993423143205685619e+02,2.529458374855604177e+02
-1.271141532823568468e+03,-2.146853912966016367e+02
-7.132614256645216528e+02,3.300631228519550291e+02
-1.087329036917627946e+03,-1.597804903972524571e+01
-1.490816869413645009e+03,-2.942968596625784130e+02
-9.261565728891999925e+02,2.536877755747692333e+02
-1.297934850614625475e+03,-2.148663358088500956e+02
-7.401653092392130020e+02,3.308886048107376610e+02
-1.114087268117868007e+03,-1.575214974074156693e+01
-1.517681557818726105e+03,-2.947261210663196493e+02
-9.529701468426097790e+02,2.544396364286303651e+02
-1.324727263895800661e+03,-2.150597447980539698e+02
-7.670684960495569840e+02,3.317275098404689970e+02
-1.140844828273203802e+03,-1.552920785437048146e+01
-1.544544890391803165e+03,-2.951722088726352808e+02
-9.797830164782839120e+02,2.552014149280601316e+02
-1.351518753912554757e+03,-2.152656643628765778e+02
-7.939709610127420092e+02,3.325798277723446859e+02
-1.167601701272775699e+03,-1.530924652765849103e+01
-1.571406843010993498e+03,-2.956351868833507410e+02
-1.006595162094263287e+03,2.559731065473089018e+02
-1.378309301911111106e+03,-2.154841410215236692e+02
-8.208726790464947953e+02,3.334455492031205495e+02
-1.194357871006302275e+03,-1.509228892047517334e+01
-1.598267391555502172e+03,-2.961151194560776503e+02
-1.033406563989152346e+03,2.567547073564166453e+02
-1.405098889138464756e+03,-2.157152217114604298e+02
-8.477736250691071973e+02,3.343246654980468406e+02
-1.221113321364086687e+03,-1.487835820437017631e+01
-1.625126511905649750e+03,-2.966120715042438292e+02
-1.060217202462136811e+03,2.575462140236596156e+02
-1.431887496842394967e+03,-2.159589537891670545e+02
-8.746737739994582626e+02,3.352171687937996012e+02
-1.247868036237045317e+03,-1.466747756144441794e+01
-1.651984179942887067e+03,-2.971261084972080653e+02
-1.087027057812995508e+03,2.583476238180194855e+02
-1.458675106271479308e+03,-2.162153850299102373e+02
-9.015731007570194606e+02,3.361230520014715921e+02
-1.274621999516701635e+03,-1.445967018322471809e+01
-1.678840371549802057e+03,-2.976572964603712990e+02
-1.113836110342123675e+03,2.591589346116803085e+02
-1.485461698675120033e+03,-2.164845636275660468e+02
-9.284715802618936777e+02,3.370423088095645312e+02
-1.301375195095223944e+03,-1.425495926955616177e+01
-1.705695062610165905e+03,-2.982057019753572149e+02
-1.140644340350540915e+03,2.599801448825391503e+02
-1.512247255303553402e+03,-2.167665381944541707e+02
-9.553691874348168085e+02,3.379749336870057732e+02
-1.328127606865417420e+03,-1.405336802750098357e+01
-1.732548229008925318e+03,-2.987713921802283608e+02
-1.167451728139910756e+03,2.608112537167318123e+02
-1.539031757407857185e+03,-2.170613577612075744e+02
-9.822658971971875417e+02,3.389209218862199009e+02
-1.354879218720748668e+03,-1.385491967023970261e+01
-1.759399846632236631e+03,-2.993544347697493322e+02
-1.194258254012557472e+03,2.616522608111745285e+02
-1.565815186239977265e+03,-2.173690717766946250e+02
-1.009161684471083504e+03,3.398802694461858209e+02
-1.381630014555360503e+03,-1.365963741599877856e+01
-1.786249891367479449e+03,-2.999548979956629182e+02
-1.221063898271470634e+03,2.625031664761433490e+02
-1.592597523052735141e+03,-2.176897301079443707e+02
-1.036056524179274220e+03,3.408529731955534317e+02
-1.408379978264073088e+03,-1.346754448697035222e+01
-1.813098339103281660e+03,-3.005728506670712932e+02
-1.247868641220338986e+03,2.633639716378458502e+02
-1.619378749099853394e+03,-2.180233830401154478e+02
-1.062950391245254195e+03,3.418390307557585288e+02
-1.435129093742416899e+03,-1.327866410825727783e+01
-1.839945165729526707e+03,-3.012083621507769635e+02
-1.274672463163550447e+03,2.642346778410199022e+02
-1.646158845635955231e+03,-2.183700812765009402e+02
-1.089843260593242121e+03,3.428384405441897229e+02
-1.461877344886630453e+03,-1.309301950681498994e+01
-1.866790347137382014e+03,-3.018615023717526924e+02
-1.301475344406208933e+03,2.651152872515634726e+02
-1.672937793916597684e+03,-2.187298759385608946e+02
-1.116735107148222369e+03,3.438512017773602452e+02
-1.488624715593676228e+03,-1.291063391041566710e+01
-1.893633859219320129e+03,-3.025323418135796487e+02
-1.328277265254163467e+03,2.660058026591657381e+02
-1.699715575198268880e+03,-2.191028185659816359e+02
-1.143625905835945105e+03,3.448773144741052192e+02
-1.515371189761261803e+03,-1.273153054661442773e+01
-1.920475677869126912e+03,-3.032209515189848048e+02
-1.355078206014009083e+03,2.669062274799609895e+02
-1.726492170738421919e+03,-2.194889611167854468e+02
-1.170515631582955621e+03,3.459167794588286711e+02
-1.542116751287847364e+03,-1.255573264173027326e+01
-1.947315778981929498e+03,-3.039274030903860080e+02
-1.381878146993104565e+03,2.678165657592092543e+02
-1.753267561795474876e+03,-2.198883559674456762e+02
-1.197404259316614571e+03,3.469695983647391131e+02
-1.568861384072659348e+03,-1.238326341983813883e+01
-1.974154138454216309e+03,-3.046517686905010009e+02
-1.408677068499594043e+03,2.687368221739732235e+02
-1.780041729628829899e+03,-2.203010559130704848e+02
-1.224291763965100472e+03,3.480357736371421424e+02
-1.595605072015705673e+03,-1.221414610176543469e+01
-2.000990732183845466e+03,-3.053941210429943567e+02
-1.435474950842416092e+03,2.696670020358567399e+02
-1.806814655498897082e+03,-2.207271141675775254e+02
-1.251178120457458363e+03,3.491153085367372455e+02
-1.622347799017787338e+03,-1.204840390411100337e+01
-2.027825536070074349e+03,-3.061545334331631238e+02
-1.462271774331325105e+03,2.706071112936901386e+02
-1.833586320667099017e+03,-2.211665843639236186e+02
-1.278063303723587978e+03,3.502082071429503003e+02
-1.649089548980517066e+03,-1.188606003826278013e+01
-2.054658526013577102e+03,-3.069330797086816460e+02
-1.489067519276901976e+03,2.715571565363072750e+02
-1.860356706395888978e+03,-2.216195205543928068e+02
-1.304947288694285589e+03,3.513144743572900097e+02
-1.675830305806325896e+03,-1.172713770942750955e+01
-2.081489677916460096e+03,-3.077298342803634910e+02
-1.515862165990571839e+03,2.725171449952978833e+02
-1.887125793948778437e+03,-2.220859772108634900e+02
-1.331830050301252186e+03,3.524341159067151921e+02
-1.702570053398482059e+03,-1.157166011569204755e+01
-2.108318967682279435e+03,-3.085448721230173987e+02
-1.542655694784615662e+03,2.734870845477841499e+02
-1.913893564590318420e+03,-2.225660092251463880e+02
-1.358711563477108712e+03,3.535671383470578348e+02
-1.729308775661098480e+03,-1.141965044706227772e+01
-2.135146371216067109e+03,-3.093782687762775936e+02
-1.569448085972193439e+03,2.744669837192267892e+02
-1.940659999586165895e+03,-2.230596719093577462e+02
-1.385591803155426305e+03,3.547135490664374515e+02
-1.756046456499153692e+03,-1.127113188454005588e+01
-2.161971864424341675e+03,-3.102301003455551722e+02
-1.596239319867351696e+03,2.754568516862355523e+02
-1.967425080203046036e+03,-2.235670209962974013e+02
-1.412470744270740624e+03,3.558733562887168773e+02
-1.782783079818503666e+03,-1.112612759919555927e+01
-2.188795423215133269e+03,-3.111004435029796014e+02
-1.623029376785044633e+03,2.764566982793978127e+02
-1.994188787708817017e+03,-2.240881126398956553e+02
-1.439348361758567307e+03,3.570465690769831326e+02
-1.809518629525887491e+03,-1.098466075126693298e+01
-2.215617023498007256e+03,-3.119893754884118948e+02
-1.649818237041145039e+03,2.774665339861361986e+02
-2.020951103372440002e+03,-2.246230034156734519e+02
-1.466224630555426984e+03,3.582331973370529568e+02
-1.836253089528951932e+03,-1.084675448925592534e+01
-2.242436641184066048e+03,-3.128969741104913851e+02
-1.676605880952462030e+03,2.784863699535695787e+02
-2.047712008464022119e+03,-2.251717503212369991e+02
-1.493099525598856417e+03,3.594332518209791374e+02
-1.862986443736257115e+03,-1.071243194904339191e+01
-2.269254252185987298e+03,-3.138233177477413278e+02
-1.703392288836759008e+03,2.795162179914177614e+02
-2.074471484254833740e+03,-2.257344107768181516e+02
-1.519973021827439879e+03,3.606467441306293154e+02
-1.889718676057294260e+03,-1.058171625300997398e+01
-2.296069832418022997e+03,-3.147684853497209474e+02
-1.730177441012762756e+03,2.805560905748776008e+02
-2.101229512017294837e+03,-2.263110426258318171e+02
-1.546845094180808246e+03,3.618736867212600714e+02
-1.916449770402500690e+03,-1.045463050918451842e+01
-2.322883357796043128e+03,-3.157325564381995946e+02
-1.756961317800186407e+03,2.816060008475592440e+02
-2.127986073025037967e+03,-2.269017041354997275e+02
-1.573715717599682876e+03,3.631140929050849309e+02
-1.943179710683266194e+03,-1.033119781038198326e+01
-2.349694804237534299e+03,-3.167156111084163967e+02
-1.783743899519737170e+03,2.826659626244292554e+02
-2.154741148552870982e+03,-2.275064539974697482e+02
-1.600584867025874701e+03,3.643679768549350229e+02
-1.969908480811951904e+03,-1.021144123336700460e+01
-2.376504147661626121e+03,-3.177177300303413858e+02
-1.810525166493138386e+03,2.837359903947424300e+02
-2.181494719876830004e+03,-2.281253513284987662e+02
-1.627452517402314243e+03,3.656353536079011519e+02
-1.996636064701895975e+03,-1.009538383804117778e+01
-2.403311363989114398e+03,-3.187389944500381489e+02
-1.837305099043142945e+03,2.848160993250455135e+02
-2.208246768274180340e+03,-2.287584556711630341e+02
-1.654318643673067527e+03,3.669162390689750168e+02
-2.023362446267451105e+03,-9.983048666602714505e+00
-2.430116429142467950e+03,-3.197794861910251143e+02
-1.864083677493543291e+03,2.859063052621482939e+02
-2.234997275023433758e+03,-2.294058269945853681e+02
-1.681183220783348588e+03,3.682106500148041732e+02
-2.050087609423972026e+03,-9.874458742769327557e+00
-2.456919319045863176e+03,-3.208392876557160207e+02
-1.890860882169195520e+03,2.870066247361314140e+02
-2.261746221404358948e+03,-2.300675256952552274e+02
-1.708046223679551986e+03,3.695186040973571266e+02
-2.076811538087827557e+03,-9.769637070972162718e+00
-2.483720009625186776e+03,-3.219184818268906838e+02
-1.917636693396031433e+03,2.881170749633839705e+02
-2.288493588698007443e+03,-2.307436125977959023e+02
-1.734907627309261670e+03,3.708401198477050116e+02
-2.103534216176439713e+03,-9.668606635583252285e+00
-2.510518476808071682e+03,-3.230171522692104418e+02
-1.944411091501069450e+03,2.892376738496263897e+02
-2.315239358186718619e+03,-2.314341489558519811e+02
-1.761767406621272130e+03,3.721752166797797372e+02
-2.130255627608274153e+03,-9.571390400165325829e+00
-2.537314696523899329e+03,-3.241353831308202302e+02
-1.971184056812440303e+03,2.903684399929944675e+02
-2.341983511154144708e+03,-2.321391964529707082e+02
-1.788625536565607717e+03,3.735239148941697636e+02
-2.156975756302859736e+03,-9.478011306688999937e+00
-2.564108644703832852e+03,-3.252732591449440633e+02
-1.997955569659387720e+03,2.915093926870920313e+02
-2.368726028885251708e+03,-2.328588172035156560e+02
-1.815481992093542203e+03,3.748862356819336128e+02
-2.183694586180815350e+03,-9.388492274820517736e+00
-2.590900297280829363e+03,-3.264308656315720896e+02
-2.024725610372299798e+03,2.926605519241057323e+02
-2.395466892666352123e+03,-2.335930737536361903e+02
-1.842336748157614466e+03,3.762622011284522046e+02
-2.210412101163837633e+03,-9.302856201186779472e+00
-2.617689630189657237e+03,-3.276082884991718629e+02
-2.051494159282710370e+03,2.938219383978927794e+02
-2.422206083785107694e+03,-2.343420290822764969e+02
-1.869189779711662368e+03,3.776518342172894904e+02
-2.237128285174735538e+03,-9.221125958662950595e+00
-2.644476619366916566e+03,-3.288056142464677123e+02
-2.078261196723326975e+03,2.949935735071346130e+02
-2.448943583530548040e+03,-2.351057466021837001e+02
-1.896041061710817075e+03,3.790551588340867966e+02
-2.263843122137440332e+03,-9.143324395664151893e+00
-2.671261240751060541e+03,-3.300229299642539331e+02
-2.105026703028036991e+03,2.961754793584814252e+02
-2.475679373193089759e+03,-2.358842901610188107e+02
-1.922890569111536706e+03,3.804721997704745036e+02
-2.290556595977007419e+03,-9.069474335463752368e+00
-2.698043470282413637e+03,-3.312603233372595923e+02
-2.131790658531928329e+03,2.973676787696875294e+02
-2.502413434064545072e+03,-2.366777240424223692e+02
-1.949738276871632934e+03,3.819029827280093627e+02
-2.317268690619641802e+03,-8.999598575531374323e+00
-2.724823283903190259e+03,-3.325178826460908112e+02
-2.158553043571301714e+03,2.985701952728211381e+02
-2.529145747438144554e+03,-2.374861129671986930e+02
-1.976584159950267122e+03,3.833475343221478511e+02
-2.343979389992712186e+03,-8.933719886850369107e+00
-2.751600657557510203e+03,-3.337956967691640102e+02
-2.185313838483682957e+03,2.997830531174603834e+02
-2.555876294608543503e+03,-2.383095220944847767e+02
-2.003428193307998072e+03,3.848058820862249263e+02
-2.370688678024756882e+03,-8.871861013284991770e+00
-2.778375567191427308e+03,-3.350938551847685289e+02
-2.212073023607853429e+03,3.010062772738921808e+02
-2.582605056871842862e+03,-2.391480170229730504e+02
-2.030270351906768838e+03,3.862780544754627385e+02
-2.397396538645501550e+03,-8.814044670942289272e+00
-2.805147988752930814e+03,-3.364124479731045767e+02
-2.238830579283840962e+03,3.022398934363542367e+02
-2.609332015525608313e+03,-2.400016637921716836e+02
-2.057110610709957655e+03,3.877640808710156648e+02
-2.424102955785866470e+03,-8.760293547546764259e+00
-2.831917898191980839e+03,-3.377515658184190102e+02
-2.265586485852960323e+03,3.034839280262923467e+02
-2.636057151868879373e+03,-2.408705288837153944e+02
-2.083948944682374076e+03,3.892639915840248932e+02
-2.450807913377999284e+03,-8.710630301847045232e+00
-2.858685271460524291e+03,-3.391113000111869837e+02
-2.292340723657817762e+03,3.047384081956125783e+02
-2.662780447202182131e+03,-2.417546792226891910e+02
-2.110785328790294443e+03,3.907778178597013152e+02
-2.477511395355254990e+03,-8.665077563004629724e+00
-2.885450084512513058e+03,-3.404917424503214534e+02
-2.319093273042309193e+03,3.060033618299824525e+02
-2.689501882827553345e+03,-2.426541821789996902e+02
-2.137619738001454152e+03,3.923055918814337701e+02
-2.504213385652250508e+03,-8.623657930023941987e+00
-2.912212313303912651e+03,-3.418929856454607830e+02
-2.345844114351676126e+03,3.072788175521213248e+02
-2.716221440048548175e+03,-2.435691055688187419e+02
-2.164452147285107003e+03,3.938473467749282122e+02
-2.530913868204843766e+03,-8.586393971200198649e+00
-2.938971933792738582e+03,-3.433151227192904571e+02
-2.372593227932477930e+03,3.085648047251243611e+02
-2.742939100170262464e+03,-2.444995176559976073e+02
-2.191282531612007460e+03,3.954031166123530738e+02
-2.557612826950157341e+03,-8.553308223536356891e+00
-2.965728921939061365e+03,-3.447582474099393721e+02
-2.399340594132640945e+03,3.098613534558037941e+02
-2.769654844499337287e+03,-2.454454871535959626e+02
-2.218110865954454312e+03,3.969729364165245329e+02
-2.584310245826606206e+03,-8.524423192240494274e+00
-2.992483253705028346e+03,-3.462224540733912477e+02
-2.426086193301453477e+03,3.111684945980288148e+02
-2.796368654343985781e+03,-2.464070832253854633e+02
-2.244937125286287028e+03,3.985568421651203721e+02
-2.611006108773891810e+03,-8.499761350171745278e+00
-3.019234905054893261e+03,-3.477078376859923310e+02
-2.452830005789579445e+03,3.124862597561124744e+02
-2.823080511014005424e+03,-2.473843754874432079e+02
-2.271761284582927601e+03,4.001548707948814467e+02
-2.637700399733028007e+03,-8.479345137348069272e+00
-3.045983851955019873e+03,-3.492144938469767226e+02
-2.479572011949100670e+03,3.138146812882083623e+02
-2.849790395820783033e+03,-2.483774340097546656e+02
-2.298583318821386001e+03,4.017670602058986447e+02
-2.664393102646351508e+03,-8.463196960457540996e+00
-3.072730070373907438e+03,-3.507425187810663374e+02
-2.506312192133492772e+03,3.151537923096908571e+02
-2.876498290077326146e+03,-2.493863293178489755e+02
-2.325403202980284732e+03,4.033934492658711974e+02
-2.691084201457526433e+03,-8.451339192357169239e+00
-3.099473536282222085e+03,-3.522920093411159996e+02
-2.533050526697677924e+03,3.165036266965990421e+02
-2.903204175098272117e+03,-2.504111323945196546e+02
-2.352220912039873383e+03,4.050340778144083629e+02
-2.717773680111572958e+03,-8.443794171621288314e+00
-3.126214225652785899e+03,-3.538630630108104924e+02
-2.559786995998013026e+03,3.178642190890719803e+02
-2.929908032199887657e+03,-2.514519146815354986e+02
-2.379036420982046820e+03,4.066889866673656684e+02
-2.744461522554869134e+03,-8.440584202091789834e+00
-3.152952114460625126e+03,-3.554557779074254427e+02
-2.586521580392316082e+03,3.192356048948150828e+02
-2.956609842700113859e+03,-2.525087480814173375e+02
-2.405849704790378382e+03,4.083582176211820638e+02
-2.771147712735169080e+03,-8.441731552429644125e+00
-3.179687178682975173e+03,-3.570702527846232783e+02
-2.613254260239889391e+03,3.206178202925747769e+02
-2.983309587918560283e+03,-2.535817049592511125e+02
-2.432660738450111694e+03,4.100418134572590247e+02
-2.797832234601626169e+03,-8.447258455705201285e+00
-3.206419394299301530e+03,-3.587065870353293917e+02
-2.639985015901521820e+03,3.220109022356291462e+02
-3.010007249176522691e+03,-2.546708581445427910e+02
-2.459469496948213873e+03,4.117398179463723977e+02
-2.824515072104778483e+03,-8.457187108987691104e+00
-3.233148737291323414e+03,-3.603648806946408172e+02
-2.666713827739501085e+03,3.234148884553018206e+02
-3.036702807797007608e+03,-2.557762809331101721e+02
-2.486275955273355066e+03,4.134522758530779925e+02
-2.851196209196591553e+03,-8.471539672932715703e+00
-3.259875183643019227e+03,-3.620452344428024389e+02
-2.693440676117650582e+03,3.248298174645051404e+02
-3.063396245104731406e+03,-2.568980470890060133e+02
-2.513080088415971204e+03,4.151792329401661732e+02
-2.877875629830457456e+03,-8.490338271444016982e+00
-3.286598709340667483e+03,-3.637477496082273660e+02
-2.720165541401323935e+03,3.262557285612550118e+02
-3.090087542426158961e+03,-2.580362308465286674e+02
-2.539881871368242628e+03,4.169207359731429960e+02
-2.904553317961218909e+03,-8.513604991271673583e+00
-3.313319290372844080e+03,-3.654725281705887596e+02
-2.746888403957429091e+03,3.276926618322877971e+02
-3.116776681089493195e+03,-2.591909069121988409e+02
-2.566681279124138655e+03,4.186768327247074239e+02
-2.931229257545158362e+03,-8.541361881692127511e+00
-3.340036902730446855e+03,-3.672196727639664005e+02
-2.773609244154442877e+03,3.291406581566074010e+02
-3.143463642424710997e+03,-2.603621504668490729e+02
-2.593478286679431676e+03,4.204475719792994255e+02
-2.957903432540045287e+03,-8.573630954158621975e+00
-3.366751522406736058e+03,-3.689892866800077513e+02
-2.800328042362423275e+03,3.305997592090761259e+02
-3.170148407763559590e+03,-2.615500371677166527e+02
-2.620272869031707614e+03,4.222330035376230626e+02
-2.984575826905126178e+03,-8.610434181989266023e+00
-3.393463125397313433e+03,-3.707814738712081635e+02
-2.827044778953031710e+03,3.320700074640936919e+02
-3.196830958439596543e+03,-2.627546431505786018e+02
-2.647065001180392301e+03,4.240331782212394955e+02
-3.011246424601141825e+03,-8.651793500074347776e+00
-3.420171687700173607e+03,-3.725963389542271784e+02
-2.853759434299538043e+03,3.335514461991639905e+02
-3.223511275788179319e+03,-2.639760450319464553e+02
-2.673854658126769664e+03,4.258481478771500974e+02
-3.037915209590346876e+03,-8.697730804576726982e+00
-3.446877185315720453e+03,-3.744339872132136406e+02
-2.880471988776856961e+03,3.350441194986110531e+02
-3.250189341146496645e+03,-2.652143199112987872e+02
-2.700641814873997191e+03,4.276779653824121397e+02
-3.064582165836519835e+03,-8.748267952663685065e+00
-3.473579594246755278e+03,-3.762945246032662112e+02
-2.907182422761528414e+03,3.365480722572074228e+02
-3.276865135853579432e+03,-2.664695453733414183e+02
-2.727426446427132760e+03,4.295226846487960302e+02
-3.091247277304974432e+03,-8.803426762253611315e+00
-3.500278890498540932e+03,-3.781780577538788748e+02
-2.933890716631765372e+03,3.380633501838955794e+02
-3.303538641250306227e+03,-2.677417994903332783e+02
-2.754208527793144640e+03,4.313823606274664826e+02
-3.117910527962575998e+03,-8.863229011782607358e+00
-3.526975050078789081e+03,-3.800846939724981439e+02
-2.960596850767452906e+03,3.395899998054937328e+02
-3.330209838679446875e+03,-2.690311608244437025e+02
-2.780988033980931959e+03,4.332570493136489631e+02
-3.144571901777762378e+03,-8.927696439970997488e+00
-3.553668048997684309e+03,-3.820145412481211906e+02
-2.987300805550173209e+03,3.411280684704140072e+02
-3.356878709485640684e+03,-2.703377084301214381e+02
-2.807764940001355171e+03,4.351468077513782760e+02
-3.171231382720533475e+03,-8.996850745609393130e+00
-3.580357863267914126e+03,-3.839677082549179659e+02
-3.014002561363205132e+03,3.426776043524344004e+02
-3.383545235015439630e+03,-2.716615218565958116e+02
-2.834539220867230597e+03,4.370516940382387929e+02
-3.197888954762493995e+03,-9.070713587394134692e+00
-3.607044468904678979e+03,-3.859443043559788862e+02
-3.040702098591561480e+03,3.442386564544228236e+02
-3.410209396617304265e+03,-2.730026811503158797e+02
-2.861310851593380903e+03,4.389717673301302057e+02
-3.224544601876850720e+03,-9.149306583706913187e+00
-3.633727841925707253e+03,-3.879444396070525158e+02
-3.067399397621986736e+03,3.458112746121723831e+02
-3.436871175641639184e+03,-2.743612668575104294e+02
-2.888079807196625097e+03,4.409070878460717609e+02
-3.251198308038425239e+03,-9.232651312496601648e+00
-3.660407958351288471e+03,-3.899682247603709015e+02
-3.094094438842973886e+03,3.473955094981730554e+02
-3.463530553440802578e+03,-2.757373600267396228e+02
-2.914846062695822184e+03,4.428577168730143967e+02
-3.277850057223675321e+03,-9.320769311106525734e+00
-3.687084794204271930e+03,-3.920157712685831370e+02
-3.120787202644797617e+03,3.489914126254370217e+02
-3.490187511369088043e+03,-2.771310422115382153e+02
-2.941609593111864342e+03,4.448237167707217736e+02
-3.304499833410697192e+03,-9.413682076166725921e+00
-3.713758325510111263e+03,-3.940871912886338464e+02
-3.147477669419500216e+03,3.505990363513611783e+02
-3.516842030782793699e+03,-2.785423954730607647e+02
-2.968370373467719673e+03,4.468051509765964511e+02
-3.331147620579250543e+03,-9.511411063459910054e+00
-3.740428528296864442e+03,-3.961825976858190757e+02
-3.174165819560937052e+03,3.522184338815541764e+02
-3.543494093040212192e+03,-2.799715023828148333e+02
-2.995128378788434929e+03,4.488020840106178753e+02
-3.357793402710772170e+03,-9.613977687842453435e+00
-3.767095378595211514e+03,-3.983021040378300768e+02
-3.200851633464773840e+03,3.538496592737386663e+02
-3.570143679501629322e+03,-2.814184460253846396e+02
-3.021883584101160523e+03,4.508145814802584255e+02
-3.384437163788375983e+03,-9.721403323150205722e+00
-3.793758852438485064e+03,-4.004458246388722387e+02
-3.227535091528497560e+03,3.554927674416462651e+02
-3.596790771529363610e+03,-2.828833100012486739e+02
-3.048635964435186906e+03,4.528427100854310083e+02
-3.411078887796881190e+03,-9.833709302159601151e+00
-3.820418925862687956e+03,-4.026138745038803108e+02
-3.254216174151455562e+03,3.571478141589368533e+02
-3.623435350487775850e+03,-2.843661784296355108e+02
-3.075385494821916836e+03,4.548865376234684277e+02
-3.437718558722812759e+03,-9.950916916506272969e+00
-3.847075574906488782e+03,-4.048063693727214627e+02
-3.280894861734844199e+03,3.588148560631061628e+02
-3.650077397743280017e+03,-2.858671359513773496e+02
-3.102132150294934490e+03,4.569461329941313465e+02
-3.464356160554428698e+03,-1.007304741669437576e+01
-3.873728775611286437e+03,-4.070234257145426113e+02
-3.307571134681741114e+03,3.604939506595020475e+02
-3.676716894664361917e+03,-2.873862677318761598e+02
-3.128875905890000922e+03,4.590215662046526290e+02
-3.490991677281726879e+03,-1.020012201204493962e+01
-3.900378504021180106e+03,-4.092651607321119513e+02
-3.334244973397116155e+03,3.621851563252301389e+02
-3.703353822621589643e+03,-2.889236594640779572e+02
-3.155616736645064520e+03,4.611129083747518962e+02
-3.517625092896448677e+03,-1.033216187072117975e+01
-3.927024736183029290e+03,-4.115316923662684871e+02
-3.360916358287840922e+03,3.638885323132122380e+02
-3.729988162987629494e+03,-2.904793973714988056e+02
-3.182354617600308757e+03,4.632202317417797985e+02
-3.544256391392121714e+03,-1.046918811975350039e+01
-3.953667448146442439e+03,-4.138231393003862877e+02
-3.387585269762716052e+03,3.656041387561431293e+02
-3.756619897137269618e+03,-2.920535682112944187e+02
-3.209089523798138998e+03,4.653436096657681560e+02
-3.570885556764027115e+03,-1.061122184505001798e+01
-3.980306615963799686e+03,-4.161396209649664115e+02
-3.414251688232473498e+03,3.673320366705781908e+02
-3.783249006447431839e+03,-2.936462592773748383e+02
-3.235821430283223890e+03,4.674831166346163513e+02
-3.597512573009263178e+03,-1.075828409147836240e+01
-4.006942215690299690e+03,-4.184812575422232044e+02
-3.440915594109805625e+03,3.690722879609347160e+02
-3.809875472297173474e+03,-2.952575584036100622e+02
-3.262550312102501266e+03,4.696388282692175835e+02
-3.624137424126713995e+03,-1.091039586292264296e+01
-4.033574223383941899e+03,-4.208481699707679127e+02
-3.467576967809366124e+03,3.708249554236078893e+02
-3.836499276067719620e+03,-2.968875539669757018e+02
-3.289276144305206344e+03,4.718108213286933506e+02
-3.650760094117101289e+03,-1.106757812236826943e+01
-4.060202615105570658e+03,-4.232404799503616459e+02
-3.494235789747789568e+03,3.725901027510587937e+02
-3.863120399142473161e+03,-2.985363348908788907e+02
-3.315998901942884913e+03,4.739991737155575606e+02
-3.677380566982980781e+03,-1.122985179201340600e+01
-4.086827366918888856e+03,-4.256583099467048896e+02
-3.520892040343723238e+03,3.743677945358921306e+02
-3.889738822907027497e+03,-3.002039906484288849e+02
-3.342718560069415162e+03,4.762039644810153618e+02
-3.703998826728739459e+03,-1.139723775338723755e+01
-4.113448454890449284e+03,-4.281017831963326898e+02
-3.547545700017814852e+03,3.761580962750489903e+02
-3.916354528749192468e+03,-3.018906112658063989e+02
-3.369435093741023138e+03,4.784252738301893260e+02
-3.730614857360634232e+03,-1.156975684748988797e+01
-4.140065855089724209e+03,-4.305710237115036989e+02
-3.574196749192752122e+03,3.779610743739045233e+02
-3.942967498058971614e+03,-3.035962873256806915e+02
-3.396148478016305035e+03,4.806631831274703472e+02
-3.757228642886801026e+03,-1.174742987495879198e+01
-4.166679543589084460e+03,-4.330661562852382644e+02
-3.600845168293258212e+03,3.797767961504902701e+02
-3.969577712228646760e+03,-3.053211099706147138e+02
-3.422858687956242647e+03,4.829177749017993619e+02
-3.783840167317264331e+03,-1.193027759620933814e+01
-4.193289496463838077e+03,-4.355873064963450361e+02
-3.627490937746124018e+03,3.816053298396456626e+02
-3.996185152652717079e+03,-3.070651709066171406e+02
-3.449565698624232482e+03,4.851891328520399611e+02
-3.810449414663931748e+03,-1.211832073167525259e+01
-4.219895689792240773e+03,-4.381346007145783688e+02
-3.654134037980216362e+03,3.834467445972767905e+02
-4.022789800727966849e+03,-3.088285624066606374e+02
-3.476269485086087570e+03,4.874773418523801638e+02
-3.837056368940642642e+03,-1.231157996197625693e+01
-4.246498099655504120e+03,-4.407081661058008990e+02
-3.680774449426485262e+03,3.853011105045820273e+02
-4.049391637853462726e+03,-3.106113773143077879e+02
-3.502970022410065667e+03,4.897824879577307797e+02
-3.863661014163169966e+03,-1.251007592815417624e+01
-4.273096702137846478e+03,-4.433081306372431527e+02
-3.707412152517994855e+03,3.871684985722775423e+02
-4.075990645430573295e+03,-3.124137090472991076e+02
-3.529667285666903354e+03,4.921046584091474188e+02
-3.890263334349194793e+03,-1.271382923193471015e+01
-4.299691473326471169e+03,-4.459346230828309103e+02
-3.734047127689931585e+03,3.890489807449129103e+02
-4.102586804862959980e+03,-3.142356516013126679e+02
-3.556361249929800124e+03,4.944439416393299780e+02
-3.916863313518401355e+03,-1.292286043596508449e+01
-4.326282389311622865e+03,-4.485877730285948815e+02
-3.760679355379612844e+03,3.909426299051722822e+02
-4.129180097556639339e+03,-3.160772995536718781e+02
-3.583051890274466132e+03,4.968004272781200825e+02
-3.943460935692402472e+03,-1.313719006410703294e+01
-4.352869423288355392e+03,-4.512677433303527437e+02
-3.787308816026516979e+03,3.928495198781756130e+02
-4.155770504919962150e+03,-3.179387480671567232e+02
-3.609739181779131286e+03,4.991742061579971619e+02
-3.970056184894810485e+03,-1.335683860172578719e+01
-4.379452557560962305e+03,-4.539745957306998889e+02
-3.813935490072283301e+03,3.947697254358431564e+02
-4.182358008363635236e+03,-3.198200928938130119e+02
-3.636423099524569807e+03,5.015653703196595075e+02
-3.996649045151230894e+03,-1.358182649601072356e+01
-4.406031764927511176e+03,-4.567084992298333646e+02
-3.840559357960731631e+03,3.967033223012417125e+02
-4.208942589300735563e+03,-3.217214303788863390e+02
-3.663103618594104319e+03,5.039740130176120942e+02
-4.023239500489267812e+03,-1.381217415631095413e+01
-4.432607787231078873e+03,-4.594610199057396471e+02
-3.867180400137891866e+03,3.986503871529947673e+02
-4.235524229146743892e+03,-3.236428574647648588e+02
-3.689780714073639047e+03,5.064002287257530384e+02
-4.049827534938563531e+03,-1.404790195446950918e+01
-4.459179832895211803e+03,-4.622381019835297593e+02
-3.893798597052001242e+03,4.006109976296611421e+02
-4.262102909319522951e+03,-3.255844716949182498e+02
-3.716454361051673004e+03,5.088441131430511177e+02
-4.076413132530789881e+03,-1.428903022519897270e+01
-4.485749199459181909e+03,-4.650281563825592457e+02
-3.920413929153520712e+03,4.025852323341809438e+02
-4.288678611239390193e+03,-3.275463712180068683e+02
-3.743124534619329097e+03,5.113057631991929952e+02
-4.102996277299652320e+03,-1.453557926649564536e+01
-4.512307787610244304e+03,-4.676676640889015175e+02
-3.947026376895165868e+03,4.045731708383552814e+02
-4.315251316329062320e+03,-3.295286547919472468e+02
-3.769791209870352759e+03,5.137852770602938790e+02
-4.129576953280955422e+03,-1.478756933999202161e+01
-4.532173424399945361e+03,-3.548584592093265542e+02
-3.973635920731908300e+03,4.065748936872878403e+02
-4.341821006013721671e+03,-3.315314217879560488e+02
-3.796454361901145603e+03,5.162827541346471207e+02
-4.156155144512533298e+03,-1.504502067142198207e+01
-4.558732773113597432e+03,-3.569930306220641683e+02
-4.000242541120989245e+03,4.085904824038951233e+02
-4.368387659519950830e+03,-3.335547968410071462e+02
-3.823113965810787249e+03,5.187982950784588638e+02
-4.182730835034343727e+03,-1.530795345104221994e+01
-4.585290009259793806e+03,-3.591343352466004717e+02
-4.026846218521949140e+03,4.106200194934177716e+02
-4.394951263091490546e+03,-3.355988266815994621e+02
-3.849769996701029868e+03,5.213320018016552240e+02
-4.209304008888440876e+03,-1.557638783409604066e+01
-4.611845718169765860e+03,-3.612786232177156762e+02
-4.053446933396633540e+03,4.126635884479881042e+02
-4.421511795554168202e+03,-3.376636417659814811e+02
-3.876422429676362754e+03,5.238839774737136850e+02
-4.235874650118968930e+03,-1.585034394129604784e+01
-4.638399285983206028e+03,-3.634271203348549193e+02
-4.080044666209195384e+03,4.147212737511665637e+02
-4.448069762107686074e+03,-3.397434842848246603e+02
-3.903071239843982312e+03,5.264543265295087622e+02
-4.262442742772246675e+03,-1.612984185931599157e+01
-4.664951666874869261e+03,-3.655766300676465335e+02
-4.106639397426140022e+03,4.167931608825864487e+02
-4.474616465597567185e+03,-3.416640670019238541e+02
-3.929716402313833441e+03,5.290431546751879068e+02
-4.289008270896688373e+03,-1.641490164129050910e+01
-4.691484997694495178e+03,-3.674135893498618657e+02
-4.133231107516328848e+03,4.188793363224945665e+02
-4.494474964147492756e+03,-2.292518856396281990e+02
-3.956357892198640911e+03,5.316505688941117569e+02
-4.315571218542904717e+03,-1.670554330712227653e+01
-4.718034338643575211e+03,-3.695669454720880935e+02
-4.159819776950967025e+03,4.209798875564221134e+02
-4.521024509503512490e+03,-2.306655269964537922e+02
-3.982995684613897993e+03,5.342766774527858615e+02
-4.342131569763651896e+03,-1.700178684469019075e+01
-4.744582738377573151e+03,-3.717188204076703641e+02
-4.186405386203667149e+03,4.230949030798926742e+02
-4.547572555218878733e+03,-2.320823924119637809e+02
-4.009629754677914207e+03,5.369215899068466342e+02
-4.368689306959223359e+03,-1.730367073712463721e+01
-4.771130189185502786e+03,-3.738692037899274396e+02
-4.212987915750417415e+03,4.252244724030051657e+02
-4.574119096569123940e+03,-2.335027900583692997e+02
-4.036260077511817144e+03,5.395854171070818666e+02
-4.395244417907448224e+03,-1.761117332619128817e+01
-4.797677102116073911e+03,-3.760181615709865355e+02
-4.239567346069635278e+03,4.273686860552463713e+02
-4.600664122612108258e+03,-2.349267487494018383e+02
-4.062886628239576112e+03,5.422682712054440799e+02
-4.421796884605212654e+03,-1.792433765609440144e+01
-4.824223263892526120e+03,-3.781656475745655257e+02
-4.266143657642169273e+03,4.295276355901668808e+02
-4.627207971231155170e+03,-2.363520906151022416e+02
-4.089509381988023961e+03,5.449702656611597149e+02
-4.448338136520358603e+03,-1.806774862914309665e+01
-4.850742630574691248e+03,-3.800040370771775429e+02
-4.292716830951295378e+03,4.317014135901394525e+02
-4.653732118232419452e+03,-2.374593556719624132e+02
-4.116128313886871183e+03,5.476915152468257020e+02
-4.468194409907544468e+03,9.501577267597870957e+01
-4.877287486704773073e+03,-3.821468361115577750e+02
-4.319286846482761575e+03,4.338901136715600160e+02
-4.680273785071827660e+03,-2.388837623173748455e+02
-4.142743399068715007e+03,5.504321360545596917e+02
-4.494738360502972682e+03,9.539814399114966648e+01
-4.903832017385819199e+03,-3.842882168293839413e+02
-4.345853684724784216e+03,4.360938304886538504e+02
-4.706814825336848116e+03,-2.403060159490942453e+02
-4.169354612669094422e+03,5.531922455021549467e+02
-4.521280815449813417e+03,9.578671784992825167e+01
-4.930376219600271725e+03,-3.864281657894110253e+02
-4.372417325059866926e+03,4.383126473307154356e+02
-4.733355234282305901e+03,-2.417261039926113426e+02
-4.195961929826457890e+03,5.559719623392862786e+02
-4.547821765093427530e+03,9.618108320443955961e+01
-4.956920094518903170e+03,-3.885666878295627384e+02
-4.398977750608955830e+03,4.405466902618706513e+02
-4.759895011190130390e+03,-2.431440137640579451e+02
-4.222565325682242474e+03,5.587714066537705548e+02
-4.574361203857786677e+03,9.658055528256406319e+01
-4.983463636317987039e+03,-3.907037527165153392e+02
-4.425534940349654789e+03,4.427960399846377868e+02
-4.786434150872868486e+03,-2.445597318110457365e+02
-4.249164775380820174e+03,5.615906998778518755e+02
-4.600899121363709128e+03,9.698515666025397763e+01
-5.009958261078413670e+03,-3.928361574060289740e+02
-4.452078096777302562e+03,4.452470840648418289e+02
-4.812943550054767002e+03,-2.456575498245545646e+02
-4.275760254069577059e+03,5.644299647944720846e+02
-4.627415024173709753e+03,9.772331232196970063e+01
-5.030295651451476260e+03,-3.658644121709951946e+02
-4.470049676456780617e+03,3.329344600516452033e+02
-4.839481706282851519e+03,-2.470671177395051643e+02
-4.302351736898911440e+03,5.672893255441948668e+02
-4.648676261021953906e+03,-9.316476044808133850e+00
-5.056814530497397755e+03,-3.684144813842748363e+02
-4.496596435690472390e+03,3.346097440391267241e+02
-4.866019537968159966e+03,-2.484745149115207425e+02
-4.328939199022246612e+03,5.701689076302291141e+02
-4.675213005345753118e+03,-9.487118535235328665e+00
-5.083307157591737450e+03,-3.703926287221254938e+02
-4.523141094707199954e+03,3.362971907369111477e+02
-4.892557043335860726e+03,-2.498797299521658033e+02
-4.355522615596060859e+03,5.730688379260114971e+02
-4.701748808638527407e+03,-9.652198926335200824e+00
-5.109724780147445017e+03,-3.717858984686972121e+02
-4.549683642249689910e+03,3.379952592787333288e+02
-4.919094220610269986e+03,-2.512827506362165479e+02
-4.382101961779741032e+03,5.759892445378695811e+02
-4.728283665572043901e+03,-9.811683376005598589e+00
-5.135974150975586781e+03,-3.737428335615978767e+02
-4.576223858132309033e+03,3.397055441154037112e+02
-4.945631049720704141e+03,-2.526834513553440047e+02
-4.408676783693605103e+03,5.789321467862278041e+02
-4.754817490870691472e+03,-9.965069677254046354e+00
-5.162029497474252821e+03,-3.756851026848626134e+02
-4.602713608666731488e+03,3.414204064836447401e+02
-4.972118847161570557e+03,-2.540795779071937943e+02
-4.435199535827541695e+03,5.818865948033969744e+02
-4.781301786093402370e+03,-1.011344131792322187e+01
