0.000000000000000000e+00,2.598068864911948594e+02,-1.500012724337742043e+02
3.000000000000000000e+00,1.570082355459406465e+01,2.995888585039628538e+02
3.000000000000000000e+00,-2.673033079995430512e+02,-1.361944989068994118e+02
6.000000000000000000e+00,2.427041915058440225e+02,-1.763368237932582758e+02
9.000000000000000000e+00,4.693044835152170435e+01,2.963064849400450385e+02
9.000000000000000000e+00,-2.800752205126521517e+02,-1.075075385951573992e+02
1.200000000000000000e+01,2.229423661842413651e+02,-2.007403829830251993e+02
1.500000000000000000e+01,7.764589093292542543e+01,2.897777003518943388e+02
1.500000000000000000e+01,-2.897785559621486300e+02,-7.764269768942789085e+01
1.800000000000000000e+01,2.007379262317253676e+02,-2.229445782525028790e+02
2.100000000000000000e+01,1.075106249098176789e+02,2.800740358039289504e+02
2.100000000000000000e+01,-2.963070020775417106e+02,-4.692718316519437138e+01
2.400000000000000000e+01,1.763341492757273841e+02,-2.427061346550710255e+02
2.700000000000000000e+01,1.361974444782553917e+02,2.673018071723282105e+02
2.700000000000000000e+01,-2.995890315028086661e+02,-1.569752219966906814e+01
3.000000000000000000e+01,1.499984094527227114e+02,-2.598085394317388364e+02
3.300000000000000000e+01,1.633920493713510780e+02,2.516009503206018678e+02
3.300000000000000000e+01,-2.995886854687374807e+02,1.570412490761259150e+01
3.600000000000000000e+01,1.220192479875514664e+02,-2.740644141813241959e+02
3.900000000000000000e+01,1.887964884148586293e+02,2.331434879258225124e+02
3.900000000000000000e+01,-2.963059677665673348e+02,4.693371353215020747e+01
4.200000000000000000e+01,9.270321186060738228e+01,-2.853175678270220601e+02
4.500000000000000000e+01,2.121324239578420645e+02,2.121316447533708924e+02
4.500000000000000000e+01,-2.897768447064516977e+02,7.764908416699425686e+01
4.800000000000000000e+01,6.237149519927662311e+01,-2.934447078865226217e+02
5.100000000000000000e+01,2.331441814124744667e+02,1.887956320297352306e+02
5.100000000000000000e+01,-2.800728510611957631e+02,1.075137112114229723e+02
5.400000000000000000e+01,3.135642019142232328e+01,-2.983567912965598907e+02
5.700000000000000000e+01,2.516015504914140593e+02,1.633911251883540388e+02
5.700000000000000000e+01,-2.673003063126542997e+02,1.362003900330728641e+02
6.000000000000000000e+01,-2.203923061859848834e-03,-2.999999999919045308e+02
6.300000000000000000e+01,2.673023074516729594e+02,1.361964626229743658e+02
6.300000000000000000e+01,-2.515991497877969323e+02,1.633948219071147037e+02
6.600000000000000000e+01,-3.136080389079134889e+01,-2.983563305501047012e+02
6.900000000000000000e+01,2.800744307106156157e+02,1.075095961397147590e+02
6.900000000000000000e+01,-2.331414074469927868e+02,1.887990575549446532e+02
7.200000000000000000e+01,-6.237580672293835704e+01,-2.934437914416705553e+02
7.500000000000000000e+01,2.897779855592222589e+02,7.764482651947382408e+01
7.500000000000000000e+01,-2.121293071227843825e+02,2.121347615540824449e+02
7.800000000000000000e+01,-9.270740397038564140e+01,-2.853162057245816072e+02
8.100000000000000000e+01,2.963066573232084693e+02,4.692935995671248151e+01
8.100000000000000000e+01,-1.887930628590816013e+02,2.331462618535559272e+02
8.400000000000000000e+01,-1.220232747536000204e+02,-2.740626213448441604e+02
8.700000000000000000e+01,2.995889161742870783e+02,1.569972310316410180e+01
8.700000000000000000e+01,-1.633883526261356565e+02,2.516033509834826134e+02
9.000000000000000000e+01,-1.500022267567435392e+02,-2.598063355040028455e+02
9.300000000000000000e+01,2.995888008295966074e+02,-1.570192400581209569e+01
9.300000000000000000e+01,-1.361935170461054838e+02,2.673038082680682237e+02
9.600000000000000000e+01,-1.763377152943435533e+02,-2.427035437828855891e+02
9.900000000000000000e+01,2.963063125528836963e+02,-4.693153674569769152e+01
9.900000000000000000e+01,-1.075065098207025329e+02,2.800756154080022498e+02
1.020000000000000000e+02,-2.007412018947080981e+02,-2.229416288221381706e+02
1.050000000000000000e+02,2.897774151406566148e+02,-7.764695534532938836e+01
1.050000000000000000e+02,-7.764163327283316107e+01,2.897788411577471948e+02
1.080000000000000000e+02,-2.229453156025740270e+02,-2.007371073092084828e+02
1.110000000000000000e+02,2.800736408934634483e+02,-1.075116536784699974e+02
1.110000000000000000e+02,-4.692609476848580385e+01,2.963071744487114074e+02
1.140000000000000000e+02,-2.427067823649308025e+02,-1.763332577651253246e+02
1.170000000000000000e+02,2.673013068893768036e+02,-1.361984263316988404e+02
1.170000000000000000e+02,-1.569642174760367936e+01,2.995890891610061999e+02
1.200000000000000000e+02,-2.598090904049091705e+02,-1.499974551216576515e+02
1.230000000000000000e+02,2.516003501463949306e+02,-1.633929735521435020e+02
1.230000000000000000e+02,1.570522535819482002e+01,2.995886277822446004e+02
1.260000000000000000e+02,-2.740648623811996458e+02,-1.220182412919235304e+02
1.290000000000000000e+02,2.331427944360249285e+02,-1.887973447974345618e+02
1.290000000000000000e+02,4.693480192442634547e+01,2.963057953674124292e+02
1.320000000000000000e+02,-2.853179083430080709e+02,-9.270216383003584326e+01
1.350000000000000000e+02,2.121308655460375974e+02,-2.121332031594510283e+02
1.350000000000000000e+02,7.765014857625529032e+01,2.897765594834845615e+02
1.380000000000000000e+02,-2.934449369878374796e+02,-6.237041731625735963e+01
1.410000000000000000e+02,1.887947756420646499e+02,-2.331448748959806494e+02
1.410000000000000000e+02,1.075147399757232733e+02,2.800724561393936369e+02
1.440000000000000000e+02,-2.983569064731096887e+02,-3.135532426552244445e+01
1.470000000000000000e+02,1.633902010031524412e+02,-2.516021506588316754e+02
1.470000000000000000e+02,1.362013718810030980e+02,2.672998060188833733e+02
1.500000000000000000e+02,-2.999999999817852085e+02,3.305884592885829660e-03
1.530000000000000000e+02,1.361954807658556206e+02,-2.673028077274113343e+02
1.530000000000000000e+02,1.633957460812931970e+02,2.515985496034060418e+02
1.560000000000000000e+02,-2.983562153534269328e+02,3.136189981457583897e+01
1.590000000000000000e+02,1.075085673681612661e+02,-2.800748256135233305e+02
1.590000000000000000e+02,1.887999139298784712e+02,2.331407139477583996e+02
1.620000000000000000e+02,-2.934435623205592947e+02,6.237688460174975802e+01
1.650000000000000000e+02,7.764376210497451325e+01,-2.897782707626403749e+02
1.650000000000000000e+02,2.121355407471048977e+02,2.121285279068644911e+02
1.680000000000000000e+02,-2.853158651893473348e+02,9.270845199470323905e+01
1.710000000000000000e+02,4.692827156126992350e+01,-2.963068297023739888e+02
1.710000000000000000e+02,2.331469553276251077e+02,1.887922064637690482e+02
1.740000000000000000e+02,-2.740621731264796495e+02,1.220242814409962477e+02
1.770000000000000000e+02,1.569862265152252512e+01,-2.995889738405688831e+02
1.770000000000000000e+02,2.516039511407158216e+02,1.633874284343206966e+02
1.800000000000000000e+02,-2.598057845133052979e+02,1.500031810776889927e+02
1.830000000000000000e+02,-1.570302445681821446e+01,-2.995887431511880550e+02
1.830000000000000000e+02,2.673043085329868518e+02,1.361925351834739502e+02
1.860000000000000000e+02,-2.427028960566523779e+02,1.763386067930496210e+02
1.890000000000000000e+02,-4.693262513924043589e+01,-2.963061401617244428e+02
1.890000000000000000e+02,2.800760102995732836e+02,1.075054810447976195e+02
1.920000000000000000e+02,-2.229408914570268223e+02,2.007420208036828058e+02
1.950000000000000000e+02,-7.764801975668568446e+01,-2.897771299255090867e+02
1.950000000000000000e+02,2.897791263494357850e+02,7.764056885519140394e+01
1.980000000000000000e+02,-2.007362883839833216e+02,2.229460529496368508e+02
2.010000000000000000e+02,-1.075126824456717571e+02,-2.800732459792190525e+02
2.010000000000000000e+02,2.963073468158832497e+02,4.692500637114356721e+01
2.040000000000000000e+02,-1.763323662521443396e+02,2.427074300715156028e+02
2.070000000000000000e+02,-1.361994081833045698e+02,-2.673008066028188523e+02
2.070000000000000000e+02,2.995891468151616550e+02,1.569532129532650799e+01
2.100000000000000000e+02,-1.499965007885688806e+02,2.598096413745741415e+02
2.130000000000000000e+02,-1.633938977307313110e+02,-2.515997499687933043e+02
2.130000000000000000e+02,2.995885700917095278e+02,-1.570632580856567273e+01
2.160000000000000000e+02,-1.220172345946491390e+02,2.740653105773774314e+02
2.190000000000000000e+02,-1.887982011774632838e+02,-2.331421009430816866e+02
2.190000000000000000e+02,2.963056229642594417e+02,-4.693589031606946804e+01
2.220000000000000000e+02,-9.270111579821312375e+01,2.853182488551447022e+02
2.250000000000000000e+02,-2.121339823581978976e+02,-2.121300863358420088e+02
2.250000000000000000e+02,2.897762742566076781e+02,-7.765121298446862852e+01
2.280000000000000000e+02,-6.236933943239617406e+01,2.934451660851931365e+02
2.310000000000000000e+02,-2.331455683763412026e+02,-1.887939192518466882e+02
2.310000000000000000e+02,2.800720612138126171e+02,-1.075157687385734704e+02
2.340000000000000000e+02,-3.135422833919963992e+01,2.983570216456340063e+02
2.370000000000000000e+02,-2.516027508228545457e+02,-1.633892768157463138e+02
2.370000000000000000e+02,2.672993057215057320e+02,-1.362023537270961526e+02
2.400000000000000000e+02,4.407846123600753750e-03,2.999999999676181233e+02
2.430000000000000000e+02,-2.673033079995430512e+02,-1.361944989068994118e+02
2.430000000000000000e+02,2.515979494156200076e+02,-1.633966702532678141e+02
2.460000000000000000e+02,3.136299573793691664e+01,2.983561001527237408e+02
2.490000000000000000e+02,-2.800752205126521517e+02,-1.075075385951573992e+02
2.490000000000000000e+02,2.331400204453780987e+02,-1.888007703022651071e+02
2.520000000000000000e+02,6.237796247971967745e+01,2.934433331954888331e+02
2.550000000000000000e+02,-2.897785559621486300e+02,-7.764269768942789085e+01
2.550000000000000000e+02,2.121277486880829315e+02,-2.121363199372646875e+02
2.580000000000000000e+02,9.270950001776967042e+01,2.853155246502636260e+02
2.610000000000000000e+02,-2.963070020775417106e+02,-4.692718316519437138e+01
2.610000000000000000e+02,1.887913500659094552e+02,-2.331476487985483743e+02
2.640000000000000000e+02,1.220252881267458349e+02,2.740617249044175878e+02
2.670000000000000000e+02,-2.995890315028086661e+02,-1.569752219966906814e+01
2.670000000000000000e+02,1.633865042403013206e+02,-2.516045512945543123e+02
2.700000000000000000e+02,1.500041353966106215e+02,2.598052335191023872e+02
2.730000000000000000e+02,-2.995886854687374807e+02,1.570412490761259150e+01
2.730000000000000000e+02,1.361915533190050951e+02,-2.673048087942987081e+02
2.760000000000000000e+02,1.763394982893762517e+02,2.427022483271448152e+02
2.790000000000000000e+02,-2.963059677665673348e+02,4.693371353215020747e+01
2.790000000000000000e+02,1.075044522674419198e+02,-2.800764051873654239e+02
2.820000000000000000e+02,2.007428397099486403e+02,2.229401540889076614e+02
2.850000000000000000e+02,-2.897768447064516977e+02,7.764908416699425686e+01
2.850000000000000000e+02,7.763950443650180944e+01,-2.897794115372146848e+02
2.880000000000000000e+02,2.229467902936917767e+02,2.007354694560496000e+02
2.910000000000000000e+02,-2.800728510611957631e+02,1.075137112114229723e+02
2.910000000000000000e+02,4.692391797316896884e+01,-2.963075191790571239e+02
2.940000000000000000e+02,2.427080777748258811e+02,1.763314747367839175e+02
2.970000000000000000e+02,-2.673003063126542997e+02,1.362003900330728641e+02
2.970000000000000000e+02,1.569422084283783647e+01,-2.995892044652748041e+02
3.000000000000000000e+02,2.598101923407334652e+02,1.499955464534566261e+02
3.030000000000000000e+02,-2.515991497877969323e+02,1.633948219071147037e+02
3.030000000000000000e+02,-1.570742625872408027e+01,-2.995885123971323765e+02
3.060000000000000000e+02,2.740657587698572115e+02,1.220162278957287469e+02
3.090000000000000000e+02,-2.331414074469927868e+02,1.887990575549446532e+02
3.090000000000000000e+02,-4.693697870707931941e+01,-2.963054505571087134e+02
3.120000000000000000e+02,2.853185893634314425e+02,9.270006776514014746e+01
3.150000000000000000e+02,-2.121293071227843825e+02,2.121347615540824449e+02
3.150000000000000000e+02,-7.765227739163427145e+01,-2.897759890258208770e+02
3.180000000000000000e+02,2.934453951785893082e+02,6.236826154769399011e+01
3.210000000000000000e+02,-1.887930628590816013e+02,2.331462618535559272e+02
3.210000000000000000e+02,-1.075167974999727676e+02,-2.800716662844527605e+02
3.240000000000000000e+02,2.983571368141327866e+02,3.135313241245351534e+01
3.270000000000000000e+02,-1.633883526261356565e+02,2.516033509834826134e+02
3.270000000000000000e+02,-1.362033355713508058e+02,-2.672988054205218873e+02
3.300000000000000000e+02,2.999999999494033887e+02,-5.509807654789111199e-03
3.330000000000000000e+02,-1.361935170461054838e+02,2.673038082680682237e+02
3.330000000000000000e+02,-1.633975944230369066e+02,-2.515973492244398528e+02
3.360000000000000000e+02,2.983559849479949548e+02,-3.136409166087535993e+01
3.390000000000000000e+02,-1.075065098207025329e+02,2.800756154080022498e+02
3.390000000000000000e+02,-1.888016266721043337e+02,-2.331393269398522818e+02
3.420000000000000000e+02,2.934431040664591137e+02,-6.237904035684797321e+01
3.450000000000000000e+02,-7.764163327283316107e+01,2.897788411577471948e+02
3.450000000000000000e+02,-2.121370991245630364e+02,-2.121269694664383962e+02
3.480000000000000000e+02,2.853151841073300830e+02,-9.271054803958575974e+01
3.510000000000000000e+02,-4.692609476848580385e+01,2.963071744487114074e+02
3.510000000000000000e+02,-2.331483422663264378e+02,-1.887904936655019412e+02
3.540000000000000000e+02,2.740612766786574070e+02,-1.220262948108494783e+02
3.570000000000000000e+02,-1.569642174760367936e+01,2.995890891610061999e+02
3.570000000000000000e+02,-2.516051514449980857e+02,-1.633855800440771588e+02
3.600000000000000000e+02,2.598046825213937723e+02,-1.500050897135085961e+02
3.630000000000000000e+02,1.570522535819482002e+01,2.995886277822446004e+02
3.630000000000000000e+02,-2.673053090520041337e+02,-1.361905714526984070e+02
3.660000000000000000e+02,2.427016005943624180e+02,-1.763403897833238432e+02
3.690000000000000000e+02,4.693480192442634547e+01,2.963057953674124292e+02
3.690000000000000000e+02,-2.800768000713786705e+02,-1.075034234886357609e+02
3.720000000000000000e+02,2.229394167177802615e+02,-2.007436586135061702e+02
3.750000000000000000e+02,7.765014857625529032e+01,2.897765594834845615e+02
3.750000000000000000e+02,-2.897796967210836669e+02,-7.763844001676464757e+01
3.780000000000000000e+02,2.007346505254078579e+02,-2.229475276347382362e+02
3.810000000000000000e+02,1.075147399757232733e+02,2.800724561393936369e+02
3.810000000000000000e+02,-2.963076915382332572e+02,-4.692282957456020398e+01
3.840000000000000000e+02,1.763305832190445983e+02,-2.427087254748612679e+02
3.870000000000000000e+02,1.362013718810030980e+02,2.672998060188833733e+02
3.870000000000000000e+02,-2.995892621113457608e+02,-1.569312039013661142e+01
3.900000000000000000e+02,1.499945921163204616e+02,-2.598107433033874258e+02
3.930000000000000000e+02,1.633957460812931970e+02,2.515985496034060418e+02
3.930000000000000000e+02,-2.995884546985129759e+02,1.570852670867082246e+01
3.960000000000000000e+02,1.220152211951617574e+02,-2.740662069586393841e+02
3.990000000000000000e+02,1.887999139298784712e+02,2.331407139477583996e+02
3.990000000000000000e+02,-2.963052781459599601e+02,4.693806709745587114e+01
4.020000000000000000e+02,9.269901973081617541e+01,-2.853189298678686328e+02
4.050000000000000000e+02,2.121355407471048977e+02,2.121285279068644911e+02
4.050000000000000000e+02,-2.897757037911245561e+02,7.765334179775167911e+01
4.080000000000000000e+02,6.236718366215004039e+01,-2.934456242680263358e+02
4.110000000000000000e+02,2.331469553276251077e+02,1.887922064637690482e+02
4.110000000000000000e+02,-2.800712713513141807e+02,1.075178262599209091e+02
4.140000000000000000e+02,3.135203648528463916e+01,-2.983572519786060298e+02
4.170000000000000000e+02,2.516039511407158216e+02,1.633874284343206966e+02
4.170000000000000000e+02,-2.672983051159312140e+02,1.362043174137681945e+02
4.200000000000000000e+02,-6.611769185370220889e-03,-2.999999999271408910e+02
4.230000000000000000e+02,2.673043085329868518e+02,1.361925351834739502e+02
4.230000000000000000e+02,-2.515967490298648102e+02,1.633985185906017819e+02
4.260000000000000000e+02,-3.136518758339009239e+01,-2.983558697392406884e+02
4.290000000000000000e+02,2.800760102995732836e+02,1.075054810447976195e+02
4.290000000000000000e+02,-2.331386334311808639e+02,1.888024830393962077e+02
4.320000000000000000e+02,-6.238011823313460269e+01,-2.934428749334700228e+02
4.350000000000000000e+02,2.897791263494357850e+02,7.764056885519140394e+01
4.350000000000000000e+02,-2.121261902419325338e+02,2.121378783089984381e+02
4.380000000000000000e+02,-9.271159606015072541e+01,-2.853148435605470468e+02
4.410000000000000000e+02,2.963073468158832497e+02,4.692500637114356721e+01
4.410000000000000000e+02,-1.887896372625480126e+02,2.331490357309580190e+02
4.440000000000000000e+02,-1.220273014933059557e+02,-2.740608284491999598e+02
4.470000000000000000e+02,2.995891468151616550e+02,1.569532129532650799e+01
4.470000000000000000e+02,-1.633846558456485809e+02,2.516057515920471985e+02
4.500000000000000000e+02,-1.500060440283819503e+02,-2.598041315201802490e+02
4.530000000000000000e+02,2.995885700917095278e+02,-1.570632580856567273e+01
4.530000000000000000e+02,-1.361895895845542270e+02,2.673058093061029012e+02
4.560000000000000000e+02,-1.763412812748921397e+02,-2.427009528583053282e+02
4.590000000000000000e+02,2.963056229642594417e+02,-4.693589031606946804e+01
4.590000000000000000e+02,-1.075023947083791285e+02,2.800771949516130803e+02
4.620000000000000000e+02,-2.007444775143551965e+02,-2.229386793436449636e+02
4.650000000000000000e+02,2.897762742566076781e+02,-7.765121298446862852e+01
4.650000000000000000e+02,-7.763737559598000360e+01,2.897799819010427882e+02
4.680000000000000000e+02,-2.229482649727773094e+02,-2.007338315920568732e+02
4.710000000000000000e+02,2.800720612138126171e+02,-1.075157687385734704e+02
4.710000000000000000e+02,-4.692174117531941135e+01,2.963078638934112519e+02
4.740000000000000000e+02,-2.427093731716224454e+02,-1.763296916989255294e+02
4.770000000000000000e+02,2.672993057215057320e+02,-1.362023537270961526e+02
4.770000000000000000e+02,-1.569201993722471400e+01,2.995893197533746957e+02
4.800000000000000000e+02,-2.598112942625359096e+02,-1.499936377771603020e+02
4.830000000000000000e+02,2.515979494156200076e+02,-1.633966702532678141e+02
4.830000000000000000e+02,1.570962715840561863e+01,2.995883969958514967e+02
4.860000000000000000e+02,-2.740666551437236649e+02,-1.220142144929485113e+02
4.890000000000000000e+02,2.331400204453780987e+02,-1.888007703022651071e+02
4.890000000000000000e+02,4.693915548719911612e+01,2.963051057308134659e+02
4.920000000000000000e+02,-2.853192703684562161e+02,-9.269797169524149183e+01
4.950000000000000000e+02,2.121277486880829315e+02,-2.121363199372646875e+02
4.950000000000000000e+02,7.765440620282240047e+01,2.897754185525180901e+02
4.980000000000000000e+02,-2.934458533535039351e+02,-6.236610577576462333e+01
5.010000000000000000e+02,1.887913500659094552e+02,-2.331476487985483743e+02
5.010000000000000000e+02,1.075188550184188472e+02,2.800708764143965368e+02
5.040000000000000000e+02,-2.983573671390536788e+02,-3.135094055769194199e+01
5.070000000000000000e+02,1.633865042403013206e+02,-2.516045512945543123e+02
5.070000000000000000e+02,1.362052992543478354e+02,2.672978048077341668e+02
5.100000000000000000e+02,-2.999999999008306304e+02,7.713730716128576817e-03
5.130000000000000000e+02,1.361915533190050951e+02,-2.673048087942987081e+02
5.130000000000000000e+02,1.633994427559620704e+02,2.515961488318950501e+02
5.160000000000000000e+02,-2.983557545264608279e+02,3.136628350548190625e+01
5.190000000000000000e+02,1.075044522674419198e+02,-2.800764051873654239e+02
5.190000000000000000e+02,1.888033394041406723e+02,2.331379399193636743e+02
5.220000000000000000e+02,-2.934426457965219583e+02,6.238119610857906139e+01
5.250000000000000000e+02,7.763950443650180944e+01,-2.897794115372146848e+02
5.250000000000000000e+02,2.121386574905722284e+02,2.121254110145638663e+02
5.280000000000000000e+02,-2.853145030099146311e+02,9.271264407946424058e+01
5.310000000000000000e+02,4.692391797316896884e+01,-2.963075191790571239e+02
5.310000000000000000e+02,2.331497291924445108e+02,1.887887808570460777e+02
5.340000000000000000e+02,-2.740603802160442228e+02,1.220283081741169724e+02
5.370000000000000000e+02,1.569422084283783647e+01,-2.995892044652748041e+02
5.370000000000000000e+02,2.516063517357015655e+02,1.633837316450155015e+02
5.400000000000000000e+02,-2.598035805154607942e+02,1.500069983412322756e+02
5.430000000000000000e+02,-1.570742625872408027e+01,-2.995885123971323765e+02
5.430000000000000000e+02,2.673063095565951812e+02,1.361886077145725267e+02
5.460000000000000000e+02,-2.427003051189736880e+02,1.763421727640811980e+02
5.490000000000000000e+02,-4.693697870707931941e+01,-2.963054505571087134e+02
5.490000000000000000e+02,2.800775898280684828e+02,1.075013659266719941e+02
5.520000000000000000e+02,-2.229379419665016258e+02,2.007452964124956623e+02
5.550000000000000000e+02,-7.765227739163427145e+01,-2.897759890258208770e+02
5.550000000000000000e+02,2.897802670770922759e+02,7.763631117414779226e+01
5.580000000000000000e+02,-2.007330126559980101e+02,2.229490023078079730e+02
5.610000000000000000e+02,-1.075167974999727676e+02,-2.800716662844527605e+02
5.610000000000000000e+02,2.963080362445916194e+02,4.692065277544444513e+01
5.640000000000000000e+02,-1.763288001764277340e+02,2.427100208651085325e+02
5.670000000000000000e+02,-1.362033355713508058e+02,-2.672988054205218873e+02
5.670000000000000000e+02,2.995893773913612677e+02,1.569091948410002502e+01
5.700000000000000000e+02,-1.499926834359758914e+02,2.598118452181792009e+02
5.730000000000000000e+02,-1.633975944230369066e+02,-2.515973492244398528e+02
5.730000000000000000e+02,2.995883392891476547e+02,-1.571072760792845102e+01
5.760000000000000000e+02,-1.220132077890884830e+02,2.740671033251103950e+02
5.790000000000000000e+02,-1.888016266721043337e+02,-2.331393269398522818e+02
5.790000000000000000e+02,2.963049333116690036e+02,-4.694024387630904016e+01
5.820000000000000000e+02,-9.269692365841660830e+01,2.853196108651939653e+02
5.850000000000000000e+02,-2.121370991245630364e+02,-2.121269694664383962e+02
5.850000000000000000e+02,2.897751333100020474e+02,-7.765547060684482972e+01
5.880000000000000000e+02,-6.236502788853824342e+01,2.934460824350222197e+02
5.910000000000000000e+02,-2.331483422663264378e+02,-1.887904936655019412e+02
5.910000000000000000e+02,2.800704814737000561e+02,-1.075198837754666243e+02
5.940000000000000000e+02,-3.134984462967731034e+01,2.983574822954757337e+02
5.970000000000000000e+02,-2.516051514449980857e+02,-1.633855800440771588e+02
5.970000000000000000e+02,2.672973044959303479e+02,-1.362062810930902401e+02
6.000000000000000000e+02,8.815692246249945754e-03,2.999999998704726067e+02
6.030000000000000000e+02,-2.673053090520041337e+02,-1.361905714526984070e+02
6.030000000000000000e+02,2.515955486305309705e+02,-1.634003669191171753e+02
6.060000000000000000e+02,3.136737942714997729e+01,2.983556393096554302e+02
6.090000000000000000e+02,-2.800768000713786705e+02,-1.075034234886357609e+02
6.090000000000000000e+02,2.331372464044014521e+02,-1.888041957663372727e+02
6.120000000000000000e+02,6.238227398318235828e+01,2.934424166556143518e+02
6.150000000000000000e+02,-2.897796967210836669e+02,-7.763844001676464757e+01
6.150000000000000000e+02,2.121246317843339284e+02,-2.121394366692830715e+02
6.180000000000000000e+02,9.271369209752735685e+01,2.853141624554324380e+02
6.210000000000000000e+02,-2.963076915382332572e+02,-4.692282957456020398e+01
6.210000000000000000e+02,1.887879244489976713e+02,-2.331504226507847193e+02
6.240000000000000000e+02,1.220293148532805674e+02,2.740599319791912194e+02
6.270000000000000000e+02,-2.995892621113457608e+02,-1.569312039013661142e+01
6.270000000000000000e+02,1.633828074421784322e+02,-2.516069518759607888e+02
6.300000000000000000e+02,1.500079526520577247e+02,2.598030295072364879e+02
6.330000000000000000e+02,-2.995884546985129759e+02,1.570852670867082246e+01
6.330000000000000000e+02,1.361876258427537607e+02,-2.673068098034804621e+02
6.360000000000000000e+02,1.763430642508905350e+02,2.426996573763677247e+02
6.390000000000000000e+02,-2.963052781459599601e+02,4.693806709745587114e+01
6.390000000000000000e+02,1.075003371435149120e+02,-2.800779847007448211e+02
6.420000000000000000e+02,2.007461153079271980e+02,2.229372045863507594e+02
6.450000000000000000e+02,-2.897757037911245561e+02,7.765334179775167911e+01
6.450000000000000000e+02,7.763524675126862462e+01,-2.897805522492316186e+02
6.480000000000000000e+02,2.229497396398300282e+02,2.007321937172310413e+02
6.510000000000000000e+02,-2.800712713513141807e+02,1.075178262599209091e+02
6.510000000000000000e+02,4.691956437493747956e+01,-2.963082085917736777e+02
6.540000000000000000e+02,2.427106685553195575e+02,1.763279086515512688e+02
6.570000000000000000e+02,-2.672983051159312140e+02,1.362043174137681945e+02
6.570000000000000000e+02,1.568981903076522499e+01,-2.995894350253056473e+02
6.600000000000000000e+02,2.598123961703165037e+02,1.499917290927686508e+02
6.630000000000000000e+02,-2.515967490298648102e+02,1.633985185906017819e+02
6.630000000000000000e+02,-1.571182805723878140e+01,-2.995882815784017907e+02
6.660000000000000000e+02,2.740675515027985512e+02,1.220122010835836903e+02
6.690000000000000000e+02,-2.331386334311808639e+02,1.888024830393962077e+02
6.690000000000000000e+02,-4.694133226478510323e+01,-2.963047608885268005e+02
6.720000000000000000e+02,2.853199513580821645e+02,9.269587562034045902e+01
6.750000000000000000e+02,-2.121261902419325338e+02,2.121378783089984381e+02
6.750000000000000000e+02,-7.765653500981899526e+01,-2.897748480635763713e+02
6.780000000000000000e+02,2.934463115125812465e+02,6.236395000046991299e+01
6.810000000000000000e+02,-1.887896372625480126e+02,2.331490357309580190e+02
6.810000000000000000e+02,-1.075209125310626774e+02,-2.800700865292249659e+02
6.840000000000000000e+02,2.983575974478720809e+02,3.134874870123916324e+01
6.870000000000000000e+02,-1.633846558456485809e+02,2.516057515920471985e+02
6.870000000000000000e+02,-1.362072629299939308e+02,-2.672968041805204393e+02
6.900000000000000000e+02,2.999999998360668769e+02,-9.917653777318182276e-03
6.930000000000000000e+02,-1.361895895845542270e+02,2.673058093061029012e+02
6.930000000000000000e+02,-1.634012910800685461e+02,-2.515949484257716335e+02
6.960000000000000000e+02,2.983555240888244384e+02,-3.136847534839589002e+01
6.990000000000000000e+02,-1.075023947083791285e+02,2.800771949516130803e+02
6.990000000000000000e+02,-1.888050521259872880e+02,-2.331365528862928329e+02
7.020000000000000000e+02,2.934421875107476012e+02,-6.238335185694398888e+01
7.050000000000000000e+02,-7.763737559598000360e+01,2.897799819010427882e+02
7.050000000000000000e+02,-2.121402158451324169e+02,-2.121238525512409865e+02
7.080000000000000000e+02,2.853138218971006381e+02,-9.271474011433956264e+01
7.110000000000000000e+02,-4.692174117531941135e+01,2.963078638934112519e+02
7.110000000000000000e+02,-2.331511161059790425e+02,-1.887870680384020829e+02
7.140000000000000000e+02,2.740594837386402673e+02,-1.220303215307981333e+02
7.170000000000000000e+02,-1.569201993722471400e+01,2.995893197533746957e+02
7.170000000000000000e+02,-2.516075520128255505e+02,-1.633818832371364920e+02
7.200000000000000000e+02,2.598024784955065343e+02,-1.500089069608596617e+02
7.230000000000000000e+02,1.570962715840561863e+01,2.995883969958514967e+02
7.230000000000000000e+02,-2.673073100467594827e+02,-1.361866439690970196e+02
7.260000000000000000e+02,2.426990096304865290e+02,-1.763439557353214013e+02
7.290000000000000000e+02,4.693915548719911612e+01,2.963051057308134659e+02
7.290000000000000000e+02,-2.800783795696422658e+02,-1.074993083589068732e+02
7.320000000000000000e+02,2.229364672031914267e+02,-2.007469342006505428e+02
7.350000000000000000e+02,7.765440620282240047e+01,2.897754185525180901e+02
7.350000000000000000e+02,-2.897808374174612140e+02,-7.763418232734144908e+01
7.380000000000000000e+02,2.007313747757553699e+02,-2.229504769688444128e+02
7.410000000000000000e+02,1.075188550184188472e+02,2.800708764143965368e+02
7.410000000000000000e+02,-2.963083809349580520e+02,-4.691847597379693013e+01
7.440000000000000000e+02,1.763270171242953097e+02,-2.427113162422561174e+02
7.470000000000000000e+02,1.362052992543478354e+02,2.672978048077341668e+02
7.470000000000000000e+02,-2.995894926552079482e+02,-1.568871857721713958e+01
7.500000000000000000e+02,1.499907747475371877e+02,-2.598129471189485002e+02
7.530000000000000000e+02,1.633994427559620704e+02,2.515961488318950501e+02
7.530000000000000000e+02,-2.995882238636136776e+02,1.571292850633818006e+01
7.560000000000000000e+02,1.220111943764311491e+02,-2.740679996767896114e+02
7.590000000000000000e+02,1.888033394041406723e+02,2.331379399193636743e+02
7.590000000000000000e+02,-2.963045884613865724e+02,4.694242065262885433e+01
7.620000000000000000e+02,9.269482758101311504e+01,-2.853202918471208704e+02
7.650000000000000000e+02,2.121386574905722284e+02,2.121254110145638663e+02
7.650000000000000000e+02,-2.897745628132405500e+02,7.765759941174640346e+01
7.680000000000000000e+02,6.236287211156010102e+01,-2.934465405861810723e+02
7.710000000000000000e+02,2.331497291924445108e+02,1.887887808570460777e+02
7.710000000000000000e+02,-2.800696915809706979e+02,1.075219412852089818e+02
7.740000000000000000e+02,3.134765277237804071e+01,-2.983577125962431751e+02
7.770000000000000000e+02,2.516063517357015655e+02,1.633837316450155015e+02
7.770000000000000000e+02,-2.672963038615041000e+02,1.362082447650598738e+02
7.800000000000000000e+02,-1.101961530771970559e-02,-2.999999997976134409e+02
7.830000000000000000e+02,2.673063095565951812e+02,1.361886077145725267e+02
7.830000000000000000e+02,-2.515943482176182897e+02,1.634022152388143638e+02
7.860000000000000000e+02,-3.136957126921803507e+01,-2.983554088639679662e+02
7.890000000000000000e+02,2.800775898280684828e+02,1.075013659266719941e+02
7.890000000000000000e+02,-2.331358593650392947e+02,1.888059084830890129e+02
7.920000000000000000e+02,-6.238442972986442214e+01,-2.934419583619213086e+02
7.950000000000000000e+02,2.897802670770922759e+02,7.763631117414779226e+01
7.950000000000000000e+02,-2.121230733152868311e+02,2.121409950181186446e+02
7.980000000000000000e+02,-9.271578812990078688e+01,-2.853134813349192882e+02
8.010000000000000000e+02,2.963080362445916194e+02,4.692065277544444513e+01
8.010000000000000000e+02,-1.887862116252585167e+02,2.331518095580282761e+02
8.040000000000000000e+02,-1.220313282066692580e+02,-2.740590354943915372e+02
8.070000000000000000e+02,2.995893773913612677e+02,1.569091948410002502e+01
8.070000000000000000e+02,-1.633809590298896524e+02,2.516081521462957085e+02
8.100000000000000000e+02,-1.500098612676375467e+02,-2.598019274802713312e+02
8.130000000000000000e+02,2.995883392891476547e+02,-1.571072760792845102e+01
8.130000000000000000e+02,-1.361856620936023035e+02,2.673078102864320726e+02
8.160000000000000000e+02,-1.763448472173725463e+02,-2.426983618813310386e+02
8.190000000000000000e+02,2.963049333116690036e+02,-4.694024387630904016e+01
8.190000000000000000e+02,-1.074982795728479346e+02,2.800787744347611579e+02
8.220000000000000000e+02,-2.007477530906657535e+02,-2.229357298170239403e+02
8.250000000000000000e+02,2.897751333100020474e+02,-7.765547060684482972e+01
8.250000000000000000e+02,-7.763311790236626564e+01,2.897811225817811760e+02
8.280000000000000000e+02,-2.229512142948509279e+02,-2.007305558315710527e+02
8.310000000000000000e+02,2.800704814737000561e+02,-1.075198837754666243e+02
8.310000000000000000e+02,-4.691738757202279686e+01,2.963085532741446855e+02
8.340000000000000000e+02,-2.427119639259182691e+02,-1.763261255946598283e+02
8.370000000000000000e+02,2.672973044959303479e+02,-1.362062810930902401e+02
8.370000000000000000e+02,-1.568761812345736928e+01,2.995895502810680568e+02
8.400000000000000000e+02,-2.598134980640753611e+02,-1.499898204002815589e+02
8.430000000000000000e+02,2.515955486305309705e+02,-1.634003669191171753e+02
8.430000000000000000e+02,1.571402895522450827e+01,2.995881661447834290e+02
8.460000000000000000e+02,-2.740684478470827230e+02,-1.220101876676324366e+02
8.490000000000000000e+02,2.331372464044014521e+02,-1.888041957663372727e+02
8.490000000000000000e+02,4.694350903983819734e+01,2.963044160302485466e+02
8.520000000000000000e+02,-2.853206323323096854e+02,-9.269377954043613954e+01
8.550000000000000000e+02,2.121246317843339284e+02,-2.121394366692830715e+02
8.550000000000000000e+02,7.765866381262499374e+01,2.897742775589953794e+02
8.580000000000000000e+02,-2.934467696558215266e+02,-6.236179422180888565e+01
8.610000000000000000e+02,1.887879244489976713e+02,-2.331504226507847193e+02
8.610000000000000000e+02,1.075229700379036188e+02,2.800692966289380479e+02
8.640000000000000000e+02,-2.983578277405885046e+02,-3.134655684309396406e+01
8.670000000000000000e+02,1.633828074421784322e+02,-2.516069518759607888e+02
8.670000000000000000e+02,1.362092265982889501e+02,2.672958035388808185e+02
8.700000000000000000e+02,-2.999999997551122419e+02,1.212157683690672991e-02
8.730000000000000000e+02,1.361876258427537607e+02,-2.673068098034804621e+02
8.730000000000000000e+02,1.634031393953564191e+02,2.515937480060697737e+02
8.760000000000000000e+02,-2.983552936350859000e+02,3.137066718961586531e+01
8.790000000000000000e+02,1.075003371435149120e+02,-2.800779847007448211e+02
8.790000000000000000e+02,1.888067648376433567e+02,2.331351658406402692e+02
8.820000000000000000e+02,-2.934417292091363265e+02,6.238550760194158329e+01
8.850000000000000000e+02,7.763524675126862462e+01,-2.897805522492316186e+02
8.850000000000000000e+02,2.121417741882425787e+02,2.121222940764705811e+02
8.880000000000000000e+02,-2.853131407688885020e+02,9.271683614421056063e+01
8.910000000000000000e+02,4.691956437493747956e+01,-2.963082085917736777e+02
8.910000000000000000e+02,2.331525030069310560e+02,1.887853552095685643e+02
8.940000000000000000e+02,-2.740585872464453701e+02,1.220323348808933588e+02
8.970000000000000000e+02,1.568981903076522499e+01,-2.995894350253056473e+02
8.970000000000000000e+02,2.516087522763705238e+02,1.633800348204393345e+02
9.000000000000000000e+02,-2.598013764615308787e+02,1.500108155723910670e+02
9.030000000000000000e+02,-1.571182805723878140e+01,-2.995882815784017907e+02
9.030000000000000000e+02,2.673083105224976066e+02,1.361846802162710901e+02
9.060000000000000000e+02,-2.426977141289012820e+02,1.763457386970439700e+02
9.090000000000000000e+02,-4.694133226478510323e+01,-2.963047608885268005e+02
9.090000000000000000e+02,2.800791692961006447e+02,1.074972507853395456e+02
9.120000000000000000e+02,-2.229349924278491244e+02,2.007485719779716646e+02
9.150000000000000000e+02,-7.765653500981899526e+01,-2.897748480635763713e+02
9.150000000000000000e+02,2.897814077421909928e+02,7.763205347634468012e+01
9.180000000000000000e+02,-2.007297368846790278e+02,2.229519516178486356e+02
9.210000000000000000e+02,-1.075209125310626774e+02,-2.800700865292249659e+02
9.210000000000000000e+02,2.963087256093330666e+02,4.691629916961667845e+01
9.240000000000000000e+02,-1.763252340626461319e+02,2.427126116063049608e+02
9.270000000000000000e+02,-1.362072629299939308e+02,-2.672968041805204393e+02
9.270000000000000000e+02,2.995896079028858594e+02,1.568651766948700121e+01
9.300000000000000000e+02,-1.499888660510030718e+02,2.598140490056960630e+02
9.330000000000000000e+02,-1.634012910800685461e+02,-2.515949484257716335e+02
9.330000000000000000e+02,2.995881084219109880e+02,-1.571512940389881940e+01
9.360000000000000000e+02,-1.220091809571884482e+02,2.740688960136776018e+02
9.390000000000000000e+02,-1.888050521259872880e+02,-2.331365528862928329e+02
9.390000000000000000e+02,2.963042435951127231e+02,-4.694459742641414834e+01
9.420000000000000000e+02,-9.269273149860846672e+01,2.853209728136486660e+02
9.450000000000000000e+02,-2.121402158451324169e+02,-2.121238525512409865e+02
9.450000000000000000e+02,2.897739923008404048e+02,-7.765972821245580349e+01
9.480000000000000000e+02,-6.236071633121677849e+01,2.934469987215024958e+02
9.510000000000000000e+02,-2.331511161059790425e+02,-1.887870680384020829e+02
9.510000000000000000e+02,2.800689016731264473e+02,-1.075239987891474698e+02
9.540000000000000000e+02,-3.134546091338748042e+01,2.983579428809082401e+02
9.570000000000000000e+02,-2.516075520128255505e+02,-1.633818832371364920e+02
9.570000000000000000e+02,2.672953032126515041e+02,-1.362102084296793407e+02
9.600000000000000000e+02,1.322353836752892739e-02,2.999999997085633368e+02
9.630000000000000000e+02,-2.673073100467594827e+02,-1.361866439690970196e+02
9.630000000000000000e+02,2.515931477911271941e+02,-1.634040635496927791e+02
9.660000000000000000e+02,3.137176310959201331e+01,2.983551784021782964e+02
9.690000000000000000e+02,-2.800783795696422658e+02,-1.074993083589068732e+02
9.690000000000000000e+02,2.331344723130949035e+02,-1.888076211896510586e+02
9.720000000000000000e+02,6.238658547317857028e+01,2.934415000523916888e+02
9.750000000000000000e+02,-2.897808374174612140e+02,-7.763418232734144908e+01
9.750000000000000000e+02,2.121215148347916397e+02,-2.121425533555049867e+02
9.780000000000000000e+02,9.271788415727039023e+01,2.853128001990078246e+02
9.810000000000000000e+02,-2.963083809349580520e+02,-4.691847597379693013e+01
9.810000000000000000e+02,1.887844987913306056e+02,-2.331531964526888032e+02
9.840000000000000000e+02,1.220333415534719705e+02,2.740581389948009701e+02
9.870000000000000000e+02,-2.995894926552079482e+02,-1.568871857721713958e+01
9.870000000000000000e+02,1.633791106087837477e+02,-2.516093524030512185e+02
9.900000000000000000e+02,1.500117698751214164e+02,2.598008254392845515e+02
9.930000000000000000e+02,-2.995882238636136776e+02,1.571292850633818006e+01
9.930000000000000000e+02,1.361836983371014469e+02,-2.673088107549568235e+02
9.960000000000000000e+02,1.763466301743368945e+02,2.426970663731962929e+02
9.990000000000000000e+02,-2.963045884613865724e+02,4.694242065262885433e+01
9.990000000000000000e+02,1.074962219963807968e+02,-2.800795641536611811e+02
1.002000000000000000e+03,2.007493908625696690e+02,2.229342550356656716e+02
1.005000000000000000e+03,-2.897745628132405500e+02,7.765759941174640346e+01
1.005000000000000000e+03,7.763098904927562671e+01,-2.897816928986910057e+02
1.008000000000000000e+03,2.229526889378381327e+02,2.007289179350786696e+02
1.011000000000000000e+03,-2.800696915809706979e+02,1.075219412852089818e+02
1.011000000000000000e+03,4.691521076657755884e+01,-2.963088979405235932e+02
1.014000000000000000e+03,2.427132592834169316e+02,1.763243425282534247e+02
1.017000000000000000e+03,-2.672963038615041000e+02,1.362082447650598738e+02
1.017000000000000000e+03,1.568541721530498556e+01,-2.995896655206614696e+02
1.020000000000000000e+03,2.598145999438113449e+02,1.499879116997008737e+02
1.023000000000000000e+03,-2.515943482176182897e+02,1.634022152388143638e+02
1.023000000000000000e+03,-1.571622985236215619e+01,-2.995880506949963547e+02
1.026000000000000000e+03,2.740693441765746456e+02,1.220081742450982603e+02
1.029000000000000000e+03,-2.331358593650392947e+02,1.888059084830890129e+02
1.029000000000000000e+03,-4.694568581235776605e+01,-2.963040711559788747e+02
1.032000000000000000e+03,2.853213132911384378e+02,9.269168345552913024e+01
1.035000000000000000e+03,-2.121230733152868311e+02,2.121409950181186446e+02
1.035000000000000000e+03,-7.766079261123981325e+01,-2.897737070387752851e+02
1.038000000000000000e+03,2.934472277832244345e+02,6.235963843978223053e+01
1.041000000000000000e+03,-1.887862116252585167e+02,2.331518095580282761e+02
1.041000000000000000e+03,-1.075250275389415719e+02,-2.800685067135358395e+02
1.044000000000000000e+03,2.983580580172024952e+02,3.134436498325700526e+01
1.047000000000000000e+03,-1.633809590298896524e+02,2.516081521462957085e+02
1.047000000000000000e+03,-1.362111902592327795e+02,-2.672948028828153042e+02
1.050000000000000000e+03,2.999999996579667823e+02,-1.432549989797269989e-02
1.053000000000000000e+03,-1.361856620936023035e+02,2.673078102864320726e+02
1.053000000000000000e+03,-1.634049877018253198e+02,-2.515925475727893570e+02
1.056000000000000000e+03,2.983550631652450420e+02,-3.137285902914489100e+01
1.059000000000000000e+03,-1.074982795728479346e+02,2.800787744347611579e+02
1.059000000000000000e+03,-1.888084775391112089e+02,-2.331337787824041072e+02
1.062000000000000000e+03,2.934412708916877364e+02,-6.238766334357381282e+01
1.065000000000000000e+03,-7.763311790236626564e+01,2.897811225817811760e+02
1.065000000000000000e+03,-2.121433325199043907e+02,-2.121207355902512575e+02
1.068000000000000000e+03,2.853124596252776541e+02,-9.271893216907916724e+01
1.071000000000000000e+03,-4.691738757202279686e+01,2.963085532741446855e+02
1.071000000000000000e+03,-2.331538898952999830e+02,-1.887836423705463744e+02
1.074000000000000000e+03,2.740576907394593604e+02,-1.220343482244030469e+02
1.077000000000000000e+03,-1.568761812345736928e+01,2.995895502810680568e+02
1.077000000000000000e+03,-2.516099525263364001e+02,-1.633781863949246826e+02
1.080000000000000000e+03,2.598002744135334865e+02,-1.500127241758268895e+02
1.083000000000000000e+03,1.571402895522450827e+01,2.995881661447834290e+02
1.083000000000000000e+03,-2.673093109838090413e+02,-1.361827164560952781e+02
1.086000000000000000e+03,2.426964186142173219e+02,-1.763475216492495861e+02
1.089000000000000000e+03,4.694350903983819734e+01,2.963044160302485466e+02
1.089000000000000000e+03,-2.800799590074428238e+02,-1.074951932059716597e+02
1.092000000000000000e+03,2.229335176404750030e+02,-2.007502097444584024e+02
1.095000000000000000e+03,7.765866381262499374e+01,2.897742775589953794e+02
1.095000000000000000e+03,-2.897819780512813850e+02,-7.762992462115812486e+01
1.098000000000000000e+03,2.007280989827692679e+02,-2.229534262548202150e+02
1.101000000000000000e+03,1.075229700379036188e+02,2.800692966289380479e+02
1.101000000000000000e+03,-2.963090702677160948e+02,-4.691412236290543092e+01
1.104000000000000000e+03,1.763234509914807404e+02,-2.427139069572546930e+02
1.107000000000000000e+03,1.362092265982889501e+02,2.672958035388808185e+02
1.107000000000000000e+03,-2.995897231343949443e+02,-1.568431676091026894e+01
1.110000000000000000e+03,1.499869573463740551e+02,-2.598151508784216048e+02
1.113000000000000000e+03,1.634031393953564191e+02,2.515937480060697737e+02
1.113000000000000000e+03,-2.995879929640396426e+02,1.571733030061238168e+01
1.116000000000000000e+03,1.220071675313609205e+02,-2.740697923357742525e+02
1.119000000000000000e+03,1.888067648376433567e+02,2.331351658406402692e+02
1.119000000000000000e+03,-2.963038987128471149e+02,4.694677419766796334e+01
1.122000000000000000e+03,9.269063541119915328e+01,-2.853216537647784889e+02
1.125000000000000000e+03,2.121417741882425787e+02,2.121222940764705811e+02
1.125000000000000000e+03,-2.897734217728007593e+02,7.766185700897496247e+01
1.128000000000000000e+03,6.235856054750629340e+01,-2.934474568409871154e+02
1.131000000000000000e+03,2.331525030069310560e+02,1.887853552095685643e+02
1.131000000000000000e+03,-2.800681117501666790e+02,1.075260562872838648e+02
1.134000000000000000e+03,3.134326905270362218e+01,-2.983581731494712130e+02
1.137000000000000000e+03,2.516087522763705238e+02,1.633800348204393345e+02
1.137000000000000000e+03,-2.672943025493730715e+02,1.362121720869475041e+02
1.140000000000000000e+03,-1.542746142715737540e-02,-2.999999996033223510e+02
1.143000000000000000e+03,2.673083105224976066e+02,1.361846802162710901e+02
1.143000000000000000e+03,-2.515919473510576267e+02,1.634059118517523075e+02
1.146000000000000000e+03,-3.137395494827340059e+01,-2.983549479242865345e+02
1.149000000000000000e+03,2.800791692961006447e+02,1.074972507853395456e+02
1.149000000000000000e+03,-2.331330852485683636e+02,1.888093338860231256e+02
1.152000000000000000e+03,-6.238874121312624510e+01,-2.934410417270249241e+02
1.155000000000000000e+03,2.897814077421909928e+02,7.763205347634468012e+01
1.155000000000000000e+03,-2.121199563428481554e+02,2.121441116814420695e+02
1.158000000000000000e+03,-9.271998017963598215e+01,-2.853121190476982179e+02
1.161000000000000000e+03,2.963087256093330666e+02,4.691629916961667845e+01
1.161000000000000000e+03,-1.887827859472148759e+02,2.331545833347653627e+02
1.164000000000000000e+03,-1.220353548936875541e+02,-2.740572424804199727e+02
1.167000000000000000e+03,2.995896079028858594e+02,1.568651766948700121e+01
1.167000000000000000e+03,-1.633772621788602919e+02,2.516105526462273474e+02
1.170000000000000000e+03,-1.500136784745082821e+02,-2.597997233842770015e+02
1.173000000000000000e+03,2.995881084219109880e+02,-1.571512940389881940e+01
1.173000000000000000e+03,-1.361817345732517026e+02,2.673098112090546010e+02
1.176000000000000000e+03,-1.763484131217829827e+02,-2.426957708519638572e+02
1.179000000000000000e+03,2.963042435951127231e+02,-4.694459742641414834e+01
1.179000000000000000e+03,-1.074941644141101875e+02,2.800803538574461413e+02
1.182000000000000000e+03,-2.007510286236384047e+02,-2.229327802422764648e+02
1.185000000000000000e+03,2.897739923008404048e+02,-7.765972821245580349e+01
1.185000000000000000e+03,-7.762886019199422094e+01,2.897822631999616192e+02
1.188000000000000000e+03,-2.229541635687940868e+02,-2.007272800277516183e+02
1.191000000000000000e+03,2.800689016731264473e+02,-1.075239987891474698e+02
1.191000000000000000e+03,-4.691303395859823411e+01,2.963092425909110830e+02
1.194000000000000000e+03,-2.427145546278170229e+02,-1.763225594523298696e+02
1.197000000000000000e+03,2.672953032126515041e+02,-1.362102084296793407e+02
1.197000000000000000e+03,-1.568321630630499541e+01,2.995897807440862834e+02
1.200000000000000000e+03,-2.598157018095262742e+02,-1.499860029910235824e+02
1.203000000000000000e+03,2.515931477911271941e+02,-1.634040635496927791e+02
1.203000000000000000e+03,1.571843074865160261e+01,2.995879352290406246e+02
1.206000000000000000e+03,-2.740702404912755696e+02,-1.220061608159783901e+02
1.209000000000000000e+03,2.331344723130949035e+02,-1.888076211896510586e+02
1.209000000000000000e+03,4.694786258234368148e+01,2.963037262657177280e+02
1.212000000000000000e+03,-2.853219942345685922e+02,-9.268958736561958744e+01
1.215000000000000000e+03,2.121215148347916397e+02,-2.121425533555049867e+02
1.215000000000000000e+03,7.766292140566328328e+01,2.897731365029163726e+02
1.218000000000000000e+03,-2.934476858947901405e+02,-6.235748265439002580e+01
1.221000000000000000e+03,1.887844987913306056e+02,-2.331531964526888032e+02
1.221000000000000000e+03,1.075270850341754283e+02,2.800677167830187386e+02
1.224000000000000000e+03,-2.983582882777142231e+02,-3.134217312172839698e+01
1.227000000000000000e+03,1.633791106087837477e+02,-2.516093524030512185e+02
1.227000000000000000e+03,1.362131539128253621e+02,2.672938022123239534e+02
1.230000000000000000e+03,-2.999999995446302705e+02,1.652942295613389970e-02
1.233000000000000000e+03,1.361836983371014469e+02,-2.673088107549568235e+02
1.233000000000000000e+03,1.634068359994744810e+02,2.515913471259312075e+02
1.236000000000000000e+03,-2.983548326793022625e+02,3.137505086697967371e+01
1.239000000000000000e+03,1.074962219963807968e+02,-2.800795641536611811e+02
1.239000000000000000e+03,1.888101902303883435e+02,2.331323917115863935e+02
1.242000000000000000e+03,-2.934408125584027403e+02,6.238981908183690450e+01
1.245000000000000000e+03,7.763098904927562671e+01,-2.897816928986910057e+02
1.245000000000000000e+03,2.121448908401167728e+02,2.121191770925838398e+02
1.248000000000000000e+03,-2.853117784662688905e+02,9.272102818894273923e+01
1.251000000000000000e+03,4.691521076657755884e+01,-2.963088979405235932e+02
1.251000000000000000e+03,2.331552767710862213e+02,1.887819295213346606e+02
1.254000000000000000e+03,-2.740567942176824658e+02,1.220363615613265438e+02
1.257000000000000000e+03,1.568541721530498556e+01,-2.995896655206614696e+02
1.257000000000000000e+03,2.516111527627228668e+02,1.633763379605924797e+02
1.260000000000000000e+03,-2.597991723515141302e+02,1.500146327711674985e+02
1.263000000000000000e+03,-1.571622985236215619e+01,-2.995880506949963547e+02
1.263000000000000000e+03,2.673103114306944690e+02,1.361807526885688162e+02
1.266000000000000000e+03,-2.426951230864352169e+02,1.763493045919378233e+02
1.269000000000000000e+03,-4.694568581235776605e+01,-2.963040711559788747e+02
1.269000000000000000e+03,2.800807487036698262e+02,1.074931356208002597e+02
1.272000000000000000e+03,-2.229320428410684940e+02,2.007518475001114098e+02
1.275000000000000000e+03,-7.766079261123981325e+01,-2.897737070387752851e+02
1.275000000000000000e+03,2.897825483447322199e+02,7.762779576178188279e+01
1.278000000000000000e+03,-2.007264610700263745e+02,2.229549008797590659e+02
1.281000000000000000e+03,-1.075250275389415719e+02,-2.800685067135358395e+02
1.281000000000000000e+03,2.963094149101077619e+02,4.691194555366014640e+01
1.284000000000000000e+03,-1.763216679108000164e+02,2.427152022951045751e+02
1.287000000000000000e+03,-1.362111902592327795e+02,-2.672948028828153042e+02
1.287000000000000000e+03,2.995898383497353166e+02,1.568211585148705289e+01
1.290000000000000000e+03,-1.499850486336503081e+02,2.598162527371247847e+02
1.293000000000000000e+03,-1.634049877018253198e+02,-2.515925475727893570e+02
1.293000000000000000e+03,2.995878774899994710e+02,-1.571953119647768382e+01
1.296000000000000000e+03,-1.220051540989496885e+02,2.740706886430789382e+02
1.299000000000000000e+03,-1.888084775391112089e+02,-2.331337787824041072e+02
1.299000000000000000e+03,2.963035538145904297e+02,-4.694895096638595788e+01
1.302000000000000000e+03,-9.268853931878942376e+01,2.853223347005088613e+02
1.305000000000000000e+03,-2.121433325199043907e+02,-2.121207355902512575e+02
1.305000000000000000e+03,2.897728512291222955e+02,-7.766398580130270091e+01
1.308000000000000000e+03,-6.235640476043241165e+01,2.934479149446339648e+02
1.311000000000000000e+03,-2.331538898952999830e+02,-1.887836423705463744e+02
1.311000000000000000e+03,2.800673218120920183e+02,-1.075281137796161488e+02
1.314000000000000000e+03,-3.134107719033029227e+01,2.983584034019316960e+02
1.317000000000000000e+03,-2.516099525263364001e+02,-1.633781863949246826e+02
1.317000000000000000e+03,2.672933018716688025e+02,-1.362141357368644208e+02
1.320000000000000000e+03,1.763138448488739754e-02,2.999999994818904838e+02
1.323000000000000000e+03,-2.673093109838090413e+02,-1.361827164560952781e+02
1.323000000000000000e+03,2.515907468974102414e+02,-1.634077601449919825e+02
1.326000000000000000e+03,3.137614678526154322e+01,2.983547174302925100e+02
1.329000000000000000e+03,-2.800799590074428238e+02,-1.074951932059716597e+02
1.329000000000000000e+03,2.331316981714595897e+02,-1.888110465722051856e+02
1.332000000000000000e+03,6.239089694970577682e+01,2.934405833858212986e+02
1.335000000000000000e+03,-2.897819780512813850e+02,-7.762992462115812486e+01
1.335000000000000000e+03,2.121183978394574865e+02,-2.121456699959290404e+02
1.338000000000000000e+03,9.272207619699750580e+01,2.853114378809902405e+02
1.341000000000000000e+03,-2.963090702677160948e+02,-4.691412236290543092e+01
1.341000000000000000e+03,1.887810730929089402e+02,-2.331559702042600009e+02
1.344000000000000000e+03,1.220373682273179696e+02,2.740563459512478062e+02
1.347000000000000000e+03,-2.995897231343949443e+02,-1.568431676091026894e+01
1.347000000000000000e+03,1.633754137401203081e+02,-2.516117528758235551e+02
1.350000000000000000e+03,1.500155870658007586e+02,2.597986213152470327e+02
1.353000000000000000e+03,-2.995879929640396426e+02,1.571733030061238168e+01
1.353000000000000000e+03,1.361797708020513653e+02,-2.673108116487261441e+02
1.356000000000000000e+03,1.763501960597124594e+02,2.426944753176325662e+02
1.359000000000000000e+03,-2.963038987128471149e+02,4.694677419766796334e+01
1.359000000000000000e+03,1.074921068260400432e+02,-2.800811435461145038e+02
1.362000000000000000e+03,2.007526663738734385e+02,2.229313054368548421e+02
1.365000000000000000e+03,-2.897734217728007593e+02,7.766185700897496247e+01
1.365000000000000000e+03,7.762673133052321361e+01,-2.897828334855927892e+02
1.368000000000000000e+03,2.229556381877158344e+02,2.007256421095927976e+02
1.371000000000000000e+03,-2.800681117501666790e+02,1.075260562872838648e+02
1.371000000000000000e+03,4.691085714808912144e+01,-2.963095872253065863e+02
1.374000000000000000e+03,2.427158499591179179e+02,1.763207763668902999e+02
1.377000000000000000e+03,-2.672943025493730715e+02,1.362121720869475041e+02
1.377000000000000000e+03,1.568101539645858900e+01,-2.995898959513421573e+02
1.380000000000000000e+03,2.598168036612179321e+02,1.499840942742534082e+02
1.383000000000000000e+03,-2.515919473510576267e+02,1.634059118517523075e+02
1.383000000000000000e+03,-1.572063164409166802e+01,-2.995878197469162387e+02
1.386000000000000000e+03,2.740711367911848697e+02,1.220041473802738636e+02
1.389000000000000000e+03,-2.331330852485683636e+02,1.888093338860231256e+02
1.389000000000000000e+03,-4.695003934979582993e+01,-2.963033813594650496e+02
1.392000000000000000e+03,2.853226751625996371e+02,9.268749127070863381e+01
1.395000000000000000e+03,-2.121199563428481554e+02,2.121441116814420695e+02
1.395000000000000000e+03,-7.766505019589426695e+01,-2.897725659514185850e+02
1.398000000000000000e+03,2.934481439905187017e+02,6.235532686563240645e+01
1.401000000000000000e+03,-1.887827859472148759e+02,2.331545833347653627e+02
1.401000000000000000e+03,-1.075291425236080727e+02,-2.800669268373856653e+02
1.404000000000000000e+03,2.983585185221234610e+02,3.133998125850931871e+01
1.407000000000000000e+03,-1.633772621788602919e+02,2.516105526462273474e+02
1.407000000000000000e+03,-1.362151175590655612e+02,-2.672928015274073346e+02
1.410000000000000000e+03,2.999999994151028773e+02,-1.873334601553464096e-02
1.413000000000000000e+03,-1.361817345732517026e+02,2.673098112090546010e+02
1.413000000000000000e+03,-1.634086842883064605e+02,-2.515901466654936200e+02
1.416000000000000000e+03,2.983546021772573908e+02,-3.137724270312008201e+01
1.419000000000000000e+03,-1.074941644141101875e+02,2.800803538574461413e+02
1.419000000000000000e+03,-1.888119029114745615e+02,-2.331310046281873269e+02
1.422000000000000000e+03,2.934403542092804287e+02,-6.239197481673492263e+01
1.425000000000000000e+03,-7.762886019199422094e+01,2.897822631999616192e+02
1.425000000000000000e+03,-2.121464491488797535e+02,-2.121176185834684134e+02
1.428000000000000000e+03,2.853110972918622110e+02,-9.272312420380123399e+01
1.431000000000000000e+03,-4.691303395859823411e+01,2.963092425909110830e+02
1.431000000000000000e+03,-2.331566636342878098e+02,-1.887802166619360662e+02
1.434000000000000000e+03,2.740558976811148568e+02,-1.220383748916637643e+02
1.437000000000000000e+03,-1.568321630630499541e+01,2.995897807440862834e+02
1.437000000000000000e+03,-2.516123529855299523e+02,-1.633744895174428677e+02
1.440000000000000000e+03,2.597980702754746289e+02,-1.500165413584099952e+02
1.443000000000000000e+03,1.571843074865160261e+01,2.995879352290406246e+02
1.443000000000000000e+03,-2.673113118631516727e+02,-1.361787889136955414e+02
1.446000000000000000e+03,2.426938275455548535e+02,-1.763510875251085110e+02
1.449000000000000000e+03,4.694786258234368148e+01,2.963037262657177280e+02
1.449000000000000000e+03,-2.800815383847805720e+02,-1.074910780298284863e+02
1.452000000000000000e+03,2.229305680296325534e+02,-2.007534852449276173e+02
1.455000000000000000e+03,7.766292140566328328e+01,2.897731365029163726e+02
1.455000000000000000e+03,-2.897831186225433839e+02,-7.762566689821714760e+01
1.458000000000000000e+03,2.007248231464502339e+02,-2.229563754926651313e+02
1.461000000000000000e+03,1.075270850341754283e+02,2.800677167830187386e+02
1.461000000000000000e+03,-2.963097595365076131e+02,-4.690976874188408630e+01
1.464000000000000000e+03,1.763198848206024820e+02,-2.427164976198558293e+02
1.467000000000000000e+03,1.362131539128253621e+02,2.672938022123239534e+02
1.467000000000000000e+03,-2.995899535489069194e+02,-1.567991494121854679e+01
1.470000000000000000e+03,1.499831399128319447e+02,-2.598173545818060006e+02
1.473000000000000000e+03,1.634068359994744810e+02,2.515913471259312075e+02
1.473000000000000000e+03,-2.995877619997907004e+02,1.572173209149567086e+01
1.476000000000000000e+03,1.220031406599528765e+02,-2.740715849355925684e+02
1.479000000000000000e+03,1.888101902303883435e+02,2.331323917115863935e+02
1.479000000000000000e+03,-2.963032089003420424e+02,4.695112773257120153e+01
1.482000000000000000e+03,9.268644322137521385e+01,-2.853230156208412041e+02
1.485000000000000000e+03,2.121448908401167728e+02,2.121191770925838398e+02
1.485000000000000000e+03,-2.897722806698045588e+02,7.766611458943999935e+01
1.488000000000000000e+03,6.235424896999214184e+01,-2.934483730324436692e+02
1.491000000000000000e+03,2.331552767710862213e+02,1.887819295213346606e+02
1.491000000000000000e+03,-2.800665318589014419e+02,1.075301712661471782e+02
1.494000000000000000e+03,3.133888532626338019e+01,-2.983586336382899162e+02
1.497000000000000000e+03,2.516111527627228668e+02,1.633763379605924797e+02
1.497000000000000000e+03,-2.672923011795388675e+02,1.362160993794298349e+02
1.500000000000000000e+03,-1.983530754379748962e-02,-2.999999993442675645e+02
1.503000000000000000e+03,2.673103114306944690e+02,1.361807526885688162e+02
1.503000000000000000e+03,-2.515895464301835318e+02,1.634096084294143623e+02
1.506000000000000000e+03,-3.137833862055632750e+01,-2.983544869201965071e+02
1.509000000000000000e+03,2.800807487036698262e+02,1.074931356208002597e+02
1.509000000000000000e+03,-2.331303110817688662e+02,1.888127592481971817e+02
1.512000000000000000e+03,-6.239305268292016393e+01,-2.934401250287804714e+02
1.515000000000000000e+03,2.897825483447322199e+02,7.762779576178188279e+01
1.515000000000000000e+03,-2.121168393246180983e+02,2.121472282989672919e+02
1.518000000000000000e+03,-9.272417220935487592e+01,-2.853107566988841199e+02
1.521000000000000000e+03,2.963094149101077619e+02,4.691194555366014640e+01
1.521000000000000000e+03,-1.887793602284153280e+02,2.331573570611705861e+02
1.524000000000000000e+03,-1.220393815543620093e+02,-2.740554494072848115e+02
1.527000000000000000e+03,2.995898383497353166e+02,1.568211585148705289e+01
1.527000000000000000e+03,-1.633735652925621196e+02,2.516129530918409216e+02
1.530000000000000000e+03,-1.500174956489960607e+02,-2.597975192321964073e+02
1.533000000000000000e+03,2.995878774899994710e+02,-1.571953119647768382e+01
1.533000000000000000e+03,-1.361778070235004350e+02,2.673118120739716232e+02
1.536000000000000000e+03,-1.763519789881243014e+02,-2.426931797702031872e+02
1.539000000000000000e+03,2.963035538145904297e+02,-4.694895096638595788e+01
1.539000000000000000e+03,-1.074900492321676211e+02,2.800819332196672349e+02
1.542000000000000000e+03,-2.007543041132746851e+02,-2.229298306194009740e+02
1.545000000000000000e+03,2.897728512291222955e+02,-7.766398580130270091e+01
1.545000000000000000e+03,-7.762460246486168103e+01,2.897834037555846294e+02
1.548000000000000000e+03,-2.229571127946054503e+02,-2.007240041806001045e+02
1.551000000000000000e+03,2.800673218120920183e+02,-1.075281137796161488e+02
1.551000000000000000e+03,-4.690868033504717971e+01,2.963099318437104444e+02
1.554000000000000000e+03,-2.427171452773200997e+02,-1.763189932719339197e+02
1.557000000000000000e+03,2.672933018716688025e+02,-1.362141357368644208e+02
1.557000000000000000e+03,-1.567881448576588177e+01,2.995900111424293755e+02
1.560000000000000000e+03,-2.598179054988878534e+02,-1.499821855493877365e+02
1.563000000000000000e+03,2.515907468974102414e+02,-1.634077601449919825e+02
1.563000000000000000e+03,1.572283253868542019e+01,2.995877042486230835e+02
1.566000000000000000e+03,-2.740720330763023753e+02,-1.220021339379857892e+02
1.569000000000000000e+03,2.331316981714595897e+02,-1.888110465722051856e+02
1.569000000000000000e+03,4.695221611471409773e+01,2.963030364372211238e+02
1.572000000000000000e+03,-2.853233560752323683e+02,-9.268539517079334189e+01
1.575000000000000000e+03,2.121183978394574865e+02,-2.121456699959290404e+02
1.575000000000000000e+03,7.766717898193473957e+01,2.897719953842815812e+02
1.578000000000000000e+03,-2.934486020704094926e+02,-6.235317107351053778e+01
1.581000000000000000e+03,1.887810730929089402e+02,-2.331559702042600009e+02
1.581000000000000000e+03,1.075312000072353982e+02,2.800661368766384385e+02
1.584000000000000000e+03,-2.983587487504304363e+02,-3.133778939359777382e+01
1.587000000000000000e+03,1.633754137401203081e+02,-2.516117528758235551e+02
1.587000000000000000e+03,1.362170811979552241e+02,2.672918008280643676e+02
1.590000000000000000e+03,-2.999999992693846025e+02,2.093726907179271901e-02
1.593000000000000000e+03,1.361797708020513653e+02,-2.673108116487261441e+02
1.593000000000000000e+03,1.634105325683174783e+02,2.515889461914788967e+02
1.596000000000000000e+03,-2.983543716591103134e+02,3.137943453756814094e+01
1.599000000000000000e+03,1.074921068260400432e+02,-2.800811435461145038e+02
1.599000000000000000e+03,1.888136155823714830e+02,2.331296175322056285e+02
1.602000000000000000e+03,-2.934398958443214838e+02,6.239413054826357552e+01
1.605000000000000000e+03,7.762673133052321361e+01,-2.897828334855927892e+02
1.605000000000000000e+03,2.121480074461932759e+02,2.121160600629049497e+02
1.608000000000000000e+03,-2.853104161020569904e+02,9.272522021365644207e+01
1.611000000000000000e+03,4.691085714808912144e+01,-2.963095872253065863e+02
1.611000000000000000e+03,2.331580504849067381e+02,1.887785037923483742e+02
1.614000000000000000e+03,-2.740550011297571018e+02,1.220403882154136284e+02
1.617000000000000000e+03,1.568101539645858900e+01,-2.995898959513421573e+02
1.617000000000000000e+03,2.516135531947575714e+02,1.633726410654761025e+02
1.620000000000000000e+03,-2.597969681854133910e+02,1.500184499375570510e+02
1.623000000000000000e+03,-1.572063164409166802e+01,-2.995878197469162387e+02
1.623000000000000000e+03,2.673123122811836652e+02,1.361768251314698830e+02
1.626000000000000000e+03,-2.426925319915769990e+02,1.763528704487607115e+02
1.629000000000000000e+03,-4.695003934979582993e+01,-2.963033813594650496e+02
1.629000000000000000e+03,2.800823280507746063e+02,1.074890204330574335e+02
1.632000000000000000e+03,-2.229290932061630031e+02,2.007551229789115155e+02
1.635000000000000000e+03,-7.766505019589426695e+01,-2.897725659514185850e+02
1.635000000000000000e+03,2.897836888847155024e+02,7.762353803046093503e+01
1.638000000000000000e+03,-2.007231852120418694e+02,2.229578500935375587e+02
1.641000000000000000e+03,-1.075291425236080727e+02,-2.800669268373856653e+02
1.641000000000000000e+03,2.963101041469152506e+02,4.690759192757841589e+01
1.644000000000000000e+03,-1.763181017208880803e+02,2.427177929315083134e+02
1.647000000000000000e+03,-1.362151175590655612e+02,-2.672928015274073346e+02
1.647000000000000000e+03,2.995900687319096392e+02,1.567771403010167042e+01
1.650000000000000000e+03,-1.499812311839198742e+02,2.598184564124642293e+02
1.653000000000000000e+03,-1.634086842883064605e+02,-2.515901466654936200e+02
1.653000000000000000e+03,2.995876464934133878e+02,-1.572393298566196762e+01
1.656000000000000000e+03,-1.220011272143716070e+02,2.740724812133146884e+02
1.659000000000000000e+03,-1.888119029114745615e+02,-2.331310046281873269e+02
1.659000000000000000e+03,2.963028639701022939e+02,-4.695330449622351665e+01
1.662000000000000000e+03,-9.268434711896088629e+01,2.853236965257740394e+02
1.665000000000000000e+03,-2.121464491488797535e+02,-2.121176185834684134e+02
1.665000000000000000e+03,2.897717100948486291e+02,-7.766824337338255191e+01
1.668000000000000000e+03,-6.235209317618661373e+01,2.934488311044160582e+02
1.671000000000000000e+03,-2.331566636342878098e+02,-1.887802166619360662e+02
1.671000000000000000e+03,2.800657418905957456e+02,-1.075322287468747504e+02
1.674000000000000000e+03,-3.133669346050828963e+01,2.983588638585455897e+02
1.677000000000000000e+03,-2.516123529855299523e+02,-1.633744895174428677e+02
1.677000000000000000e+03,2.672913004729836075e+02,-1.362180630146427518e+02
1.680000000000000000e+03,2.203923060057126279e-02,2.999999991904538774e+02
1.683000000000000000e+03,-2.673113118631516727e+02,-1.361787889136955414e+02
1.683000000000000000e+03,2.515883459493796863e+02,-1.634114567050157802e+02
1.686000000000000000e+03,3.138053045415657039e+01,2.983542563939984120e+02
1.689000000000000000e+03,-2.800815383847805720e+02,-1.074910780298284863e+02
1.689000000000000000e+03,2.331289239794968182e+02,-1.888144719139982044e+02
1.692000000000000000e+03,6.239520841276616636e+01,2.934396666559029541e+02
1.695000000000000000e+03,-2.897831186225433839e+02,-7.762566689821714760e+01
1.695000000000000000e+03,2.121152807983307298e+02,-2.121487865905561137e+02
1.698000000000000000e+03,9.272626821670689878e+01,2.853100755013803109e+02
1.701000000000000000e+03,-2.963097595365076131e+02,-4.690976874188408630e+01
1.701000000000000000e+03,1.887776473537341815e+02,-2.331587439054970332e+02
1.704000000000000000e+03,1.220413948748206110e+02,2.740545528485307614e+02
1.707000000000000000e+03,-2.995899535489069194e+02,-1.567991494121854679e+01
1.707000000000000000e+03,1.633717168361866356e+02,-2.516141532942787649e+02
1.710000000000000000e+03,1.500194042240939893e+02,2.597964171351250684e+02
1.713000000000000000e+03,-2.995877619997907004e+02,1.572173209149567086e+01
1.713000000000000000e+03,1.361758432376019528e+02,-2.673128124847892195e+02
1.716000000000000000e+03,1.763537619070185372e+02,2.426918842096756634e+02
1.719000000000000000e+03,-2.963032089003420424e+02,4.695112773257120153e+01
1.719000000000000000e+03,1.074879916324939728e+02,-2.800827228781041640e+02
1.722000000000000000e+03,2.007559418418396717e+02,2.229283557899171626e+02
1.725000000000000000e+03,-2.897722806698045588e+02,7.766611458943999935e+01
1.725000000000000000e+03,7.762247359501283483e+01,-2.897839740099364576e+02
1.728000000000000000e+03,2.229585873894620534e+02,2.007223662407744484e+02
1.731000000000000000e+03,-2.800665318589014419e+02,1.075301712661471782e+02
1.731000000000000000e+03,4.690650351947360264e+01,-2.963102764461226002e+02
1.734000000000000000e+03,2.427184405824217208e+02,1.763172101674633154e+02
1.737000000000000000e+03,-2.672923011795388675e+02,1.362160993794298349e+02
1.737000000000000000e+03,1.567661357422699275e+01,-2.995901263173477105e+02
1.740000000000000000e+03,2.598190073225355263e+02,1.499802768164275051e+02
1.743000000000000000e+03,-2.515895464301835318e+02,1.634096084294143623e+02
1.743000000000000000e+03,-1.572503343242955154e+01,-2.995875887341613293e+02
1.746000000000000000e+03,2.740729293466290528e+02,1.220001204891113247e+02
1.749000000000000000e+03,-2.331303110817688662e+02,1.888127592481971817e+02
1.749000000000000000e+03,-4.695439287709837117e+01,-2.963026914989856664e+02
1.752000000000000000e+03,2.853240369724661605e+02,9.268329906587685230e+01
1.755000000000000000e+03,-2.121168393246180983e+02,2.121472282989672919e+02
1.755000000000000000e+03,-7.766930776378454482e+01,-2.897714248015053613e+02
1.758000000000000000e+03,2.934490601344634797e+02,6.235101527802139998e+01
1.761000000000000000e+03,-1.887793602284153280e+02,2.331573570611705861e+02
1.761000000000000000e+03,-1.075332574850612701e+02,-2.800653469007751255e+02
1.764000000000000000e+03,2.983589789626352626e+02,3.133559752699388312e+01
1.767000000000000000e+03,-1.633735652925621196e+02,2.516129530918409216e+02
1.767000000000000000e+03,-1.362190448294942371e+02,-2.672908001142953935e+02
1.770000000000000000e+03,2.999999991074753325e+02,-2.314119212905244721e-02
1.773000000000000000e+03,-1.361778070235004350e+02,2.673118120739716232e+02
1.773000000000000000e+03,-1.634123808395092396e+02,-2.515877457038859291e+02
1.776000000000000000e+03,2.983541411248608597e+02,-3.138162637032371904e+01
1.779000000000000000e+03,-1.074900492321676211e+02,2.800819332196672349e+02
1.779000000000000000e+03,-1.888153282430789659e+02,-2.331282304236411278e+02
1.782000000000000000e+03,2.934394374635256781e+02,-6.239628627642483139e+01
1.785000000000000000e+03,-7.762460246486168103e+01,2.897834037555846294e+02
1.785000000000000000e+03,-2.121495657320564874e+02,-2.121145015308944721e+02
1.788000000000000000e+03,2.853097348968533993e+02,-9.272731621850830663e+01
1.791000000000000000e+03,-4.690868033504717971e+01,2.963099318437104444e+02
1.791000000000000000e+03,-2.331594373229427788e+02,-1.887767909125713857e+02
1.794000000000000000e+03,2.740541045636080071e+02,-1.220424015325779976e+02
1.797000000000000000e+03,-1.567881448576588177e+01,2.995900111424293755e+02
1.797000000000000000e+03,-2.516147533904051841e+02,-1.633707926046929799e+02
