9.998529857746236704e-01,5.234167125454405323e+00,2.999086370582227801e+02
2.999963258589511295e+00,1.569824011539731146e+01,2.995432395237040737e+02
4.999926513254275839e+00,2.614241821520181475e+01,2.988129198292734827e+02
7.000036736668047155e+00,3.655551056396780041e+01,2.977184605199970520e+02
9.000036726008078247e+00,4.692349049115273374e+01,2.962613257358489705e+02
1.099988978304070741e+01,5.723354595416503798e+01,2.944433872667341348e+02
1.299996328501628007e+01,6.747500567831366425e+01,2.922665062857695375e+02
1.499988976809794394e+01,7.763350754560178757e+01,2.897337149749999980e+02
1.699996324007637938e+01,8.769816741702743457e+01,2.868477270573993110e+02
1.899992654002427628e+01,9.765542683661078627e+01,2.836124198570302042e+02
2.100003674926195174e+01,1.074944300635120271e+02,2.800313100225114340e+02
2.300003674298494261e+01,1.172019216525336560e+02,2.761092114514646028e+02
2.499988978327783684e+01,1.267659227679332616e+02,2.718510399324806031e+02
2.699996327209737856e+01,1.361765294987853849e+02,2.672611829304594266e+02
2.899992679568222442e+01,1.454207095233236942e+02,2.623459630127206310e+02
3.100011003742893578e+01,1.544887086694488971e+02,2.571105326087164258e+02
3.299996357804575098e+01,1.633670038087225294e+02,2.515627339476843645e+02
3.500007334493339073e+01,1.720473888642600286e+02,2.457077188516441879e+02
3.700003633875437004e+01,1.805175227746740347e+02,2.395537748740105997e+02
3.900003652250349973e+01,1.887678822697598662e+02,2.331078585034148603e+02
4.100011010557735602e+01,1.967885461595901688e+02,2.263776826080349167e+02
4.299996353535073723e+01,2.045685916883589925e+02,2.193724649181996824e+02
4.499996356339637771e+01,2.120999800518497977e+02,2.120994708294586530e+02
4.700007364172329716e+01,2.193733490443300980e+02,2.045676435898903378e+02
4.900003638123930472e+01,2.263789086613169275e+02,1.967871357316279273e+02
5.100003624277665892e+01,2.331087917505474252e+02,1.887667298665849671e+02
5.299988988708623339e+01,2.395542055426103616e+02,1.805169512781287722e+02
5.499996380803239049e+01,2.457084620822379293e+02,1.720463268842645448e+02
5.699988969889599844e+01,2.515629156441550549e+02,1.633667241522389304e+02
5.899996333590809172e+01,2.571112979281451771e+02,1.544874349663362807e+02
6.099988972327350467e+01,2.623460314280796410e+02,1.454205861733431675e+02
6.299996331168914310e+01,2.672615086072128179e+02,1.361758903112825010e+02
6.499988974138982201e+01,2.718510177221351114e+02,1.267659704040512452e+02
6.700007351980299575e+01,2.761098675176999677e+02,1.172003760426209453e+02
6.900003673489050016e+01,2.800318427406145929e+02,1.074930422814364164e+02
7.100011021586394122e+01,2.836128412079879126e+02,9.765420313586584200e+01
7.300003676187014889e+01,2.868480491827049264e+02,8.769711378611226849e+01
7.499988980321329279e+01,2.897337014293862012e+02,7.763355809656272299e+01
7.699996323533387965e+01,2.922666675920595480e+02,6.747430699023166767e+01
7.899988981878308891e+01,2.944433773107675734e+02,5.723359715532590997e+01
8.099996321276084643e+01,2.962614980456428384e+02,4.692240260346372338e+01
8.299992664984748103e+01,2.977185714172146618e+02,3.655460728322341879e+01
8.500011013977645291e+01,2.988130325810689101e+02,2.614112945733613813e+01
8.700003685164604406e+01,2.995432972094749857e+02,1.569713927200993453e+01
8.900011012838658075e+01,2.999086529136857280e+02,5.233258612144854993e+00
9.099996315064626629e+01,2.999086077635092806e+02,-5.235845450546477764e+00
9.299996325790419860e+01,2.995431818794668288e+02,-1.569934039718968677e+01
9.499992651769620977e+01,2.988128238877648073e+02,-2.614351584465418199e+01
9.700010864327030902e+01,2.977182813813469693e+02,-3.655697842705585998e+01
9.899996170227706216e+01,2.962612159464533761e+02,-4.692419137894945891e+01
1.009998914431662769e+02,2.944431730022934062e+02,-5.723463510774173812e+01
1.030000699688209806e+02,2.922661333627747808e+02,-6.747662477537019754e+01
1.050000385795291322e+02,2.897332255478754632e+02,-7.763532299121970937e+01
1.070001082944196327e+02,2.868471840374131716e+02,-8.769994844437346160e+01
1.090000391501698118e+02,2.836118642584870031e+02,-9.765702323088252967e+01
1.109998915915437578e+02,2.800311848917071984e+02,-1.074947476314367947e+02
1.129999608503334656e+02,2.761089382462237154e+02,-1.172025718658977809e+02
1.150000733301511104e+02,2.718501682028745563e+02,-1.267677922830563233e+02
1.170000370223304884e+02,2.672605074479492941e+02,-1.361778553050806408e+02
1.190000370007213775e+02,2.623451490819106766e+02,-1.454221779305230484e+02
1.210001103535232545e+02,2.571099642785329706e+02,-1.544896545050715986e+02
1.229999630381156521e+02,2.515621354728432379e+02,-1.633679255651716176e+02
1.249999266239070153e+02,2.457075274627572981e+02,-1.720476620569642137e+02
1.270000369256503632e+02,2.395531099367372008e+02,-1.805184050895073824e+02
1.290001103122710333e+02,2.331069219913802044e+02,-1.887690387554364406e+02
1.309999631183968916e+02,2.263774647469886077e+02,-1.967887968498027078e+02
1.329999631387506156e+02,2.193717149695607986e+02,-2.045693960002904817e+02
1.349999265688034313e+02,2.120988286805841199e+02,-2.121006222302607966e+02
1.370000368248071823e+02,2.045669787179035666e+02,-2.193739690324322851e+02
1.390000368040749947e+02,1.967863025449960332e+02,-2.263796329301860055e+02
1.409998897617250861e+02,1.887664697181221527e+02,-2.331090024044817994e+02
1.430000734645958573e+02,1.805153037263944498e+02,-2.395554470517369623e+02
1.450000367425913055e+02,1.720451115750770441e+02,-2.457093133586920715e+02
1.470000367225999867e+02,1.633651545384291239e+02,-2.515639349640248099e+02
1.489998898026002507e+02,1.544868205274296997e+02,-2.571116671185420728e+02
1.510000735041899134e+02,1.454187809110667331e+02,-2.623470320846640789e+02
1.530000366648423835e+02,1.361745664687055068e+02,-2.672621831563885735e+02
1.550000366463667092e+02,1.267642748395865055e+02,-2.718518083867002701e+02
1.569998898433657928e+02,1.172002470104753229e+02,-2.761099222839302456e+02
1.589999633947826680e+02,1.074923720175402195e+02,-2.800321000112719503e+02
1.610000735579491220e+02,9.765334276498242616e+01,-2.836131374469251796e+02
1.630000365711935331e+02,8.769606126285543723e+01,-2.868483709648975832e+02
1.650001101333056113e+02,7.763137964005272806e+01,-2.897342851338717082e+02
1.669999634657982881e+02,6.747323200964228818e+01,-2.922669157958276855e+02
1.690000735891518957e+02,5.723157097384910230e+01,-2.944437711848741515e+02
1.710000364954214547e+02,4.692093570297492988e+01,-2.962617302734501550e+02
1.730000364787560727e+02,3.655294328053105346e+01,-2.977187756027032037e+02
1.750001100902743474e+02,2.614003228016963476e+01,-2.988131285012012199e+02
1.769999635601898547e+02,1.569642174310274640e+01,-2.995433350877818839e+02
1.790000736498784590e+02,5.232347672091691493e+00,-2.999086690170101974e+02
1.810000364000653406e+02,-5.237329985343421868e+00,-2.999085814390319342e+02
1.830001100522325430e+02,-1.570120794578360801e+01,-2.995430839126687488e+02
1.849999684604928518e+02,-2.614483932900020591e+01,-2.988126998709055897e+02
1.869999423709508903e+02,-3.655719915142981336e+01,-2.977180958759642522e+02
1.890000979379400974e+02,-4.692597587600357656e+01,-2.962609520558366967e+02
1.909999592862301938e+02,-5.723607605216557204e+01,-2.944429458894404661e+02
1.929999689758583656e+02,-6.747719138780121284e+01,-2.922660074299665780e+02
1.949999437677184062e+02,-7.763587903517327504e+01,-2.897329135767623711e+02
1.970000968439845224e+02,-8.770093591928525711e+01,-2.868468932897716286e+02
1.989999589564395421e+02,-9.765768901027104221e+01,-2.836116984129362208e+02
2.009999694988684666e+02,-1.074961706778590269e+02,-2.800306521982533923e+02
2.029999452158336339e+02,-1.172034506819272792e+02,-2.761083679112574600e+02
2.050000957166239175e+02,-1.267688902475506438e+02,-2.718496684332423570e+02
2.069999586161335969e+02,-1.361784995315665583e+02,-2.672602480302904837e+02
2.089999700259818383e+02,-1.454228479849562063e+02,-2.623447881261280941e+02
2.110000769021457643e+02,-1.544904546736811426e+02,-2.571094867933023238e+02
2.130000297190145488e+02,-1.633691211474038028e+02,-2.515613326818892403e+02
2.150001066824633256e+02,-1.720493265135028196e+02,-2.457063493369417131e+02
2.169999705525979721e+02,-1.805190249265556304e+02,-2.395526588189068207e+02
2.190000680307020104e+02,-1.887697721473105048e+02,-2.331064252909148138e+02
2.210000200383742879e+02,-1.967898434001631358e+02,-2.263765624643637580e+02
2.229999124099585686e+02,-2.045698542679147067e+02,-2.193709576819352378e+02
2.249999710836562201e+02,-2.121015893784683612e+02,-2.120978895876300498e+02
2.270000675851833023e+02,-2.193748950045101083e+02,-2.045661122784271129e+02
2.290000187944222034e+02,-2.263802848054419883e+02,-1.967855597563811045e+02
2.309999141104453599e+02,-2.331095673536169670e+02,-1.887653248275411784e+02
2.329999716097945566e+02,-2.395558054952921339e+02,-1.805148448283611344e+02
2.350000777012913602e+02,-2.457100766854555332e+02,-1.720440306216331123e+02
2.370000281214589393e+02,-2.515644680491923282e+02,-1.633642585003730119e+02
2.389999159067697292e+02,-2.571120650697180281e+02,-1.544855895650400157e+02
2.410000667443729867e+02,-2.623476412700529181e+02,-1.454178966497638044e+02
2.430000165563531311e+02,-2.672626178091263682e+02,-1.361736950225188139e+02
2.450000275840442896e+02,-2.718521988502866407e+02,-1.267633098521531849e+02
2.469998944450132399e+02,-2.761103705361115317e+02,-1.171992056888985587e+02
2.489999726866031722e+02,-2.800325248223566632e+02,-1.074912856216451758e+02
2.509999217040020199e+02,-2.836132192898508038e+02,-9.765305619818130367e+01
2.530001054059317198e+02,-2.868487805001473134e+02,-8.769466607374722855e+01
2.550000367538285673e+02,-2.897344724516178758e+02,-7.763068672586997820e+01
2.570001102188474533e+02,-2.922673384072477347e+02,-6.747141031693473678e+01
2.589999632523160358e+02,-2.944438791658913033e+02,-5.723105771336427949e+01
2.609999308842841970e+02,-2.962618711903046460e+02,-4.692038438956284807e+01
2.630000803026396738e+02,-2.977188494031229311e+02,-3.655165211351416588e+01
2.649999891592595418e+02,-2.988129467673243198e+02,-2.613952284482969191e+01
2.669999310976127163e+02,-2.995434787982849230e+02,-1.569548075992864966e+01
2.690000789248259707e+02,-2.999085431894050089e+02,-5.231250740505245744e+00
2.709999903400131416e+02,-2.999083421877380715e+02,5.238204337003459443e+00
2.729999313056080723e+02,-2.995431851684402318e+02,1.570139462743498626e+01
2.750000108118799176e+02,-2.988124599954667246e+02,2.614611546888599491e+01
2.770000837431220475e+02,-2.977179030329330089e+02,3.655900239730742385e+01
2.789999546642711152e+02,-2.962610155912061600e+02,4.692635712848147023e+01
2.809999624684186301e+02,-2.944423293909540007e+02,5.723710623541424525e+01
2.830000826304968200e+02,-2.922655318439124130e+02,6.747880037499521677e+01
2.850000421751386739e+02,-2.897327562148466313e+02,7.763750701123757381e+01
2.870000965026283097e+02,-2.868465152798376039e+02,8.770197307596072278e+01
2.890000506412055756e+02,-2.836111043430419159e+02,9.765916460434993951e+01
2.910000961325549156e+02,-2.800299755800756429e+02,1.074977818902486888e+02
2.929999948188323629e+02,-2.761076382645765079e+02,1.172046062187710618e+02
2.950000635331961689e+02,-2.718494439137771224e+02,1.267698414454457065e+02
2.970000066842409296e+02,-2.672595424925539191e+02,1.361796482551369252e+02
2.989999303040746668e+02,-2.623438024025936102e+02,1.454233059005079838e+02
3.009999770611609051e+02,-2.571092339856331819e+02,1.544909859985761500e+02
3.030000630234648042e+02,-2.515608440383675770e+02,1.633703547753901262e+02
3.050000051150150853e+02,-2.457060574001311579e+02,1.720498141201349256e+02
3.069999323849410189e+02,-2.395514664781603642e+02,1.805192289083815638e+02
3.089999777256725793e+02,-2.331059456778848471e+02,1.887702043590243761e+02
3.109998897730504268e+02,-2.263762719248084068e+02,1.967901707791431534e+02
3.129999632665390550e+02,-2.193702121046671891e+02,2.045710084786158234e+02
3.149998897799919177e+02,-2.120974070005067915e+02,2.121020444113142389e+02
3.169999632602131214e+02,-2.045656490209553340e+02,2.193752093408716632e+02
3.189998897857403790e+02,-1.967852205811223030e+02,2.263805737596966594e+02
3.210000734588421096e+02,-1.887640097975045137e+02,2.331109944530667519e+02
3.230000367555939533e+02,-1.805136974334000115e+02,2.395566577559835366e+02
3.250000367301700521e+02,-1.720433066038631296e+02,2.457105773824467860e+02
3.270001102271994000e+02,-1.633629837434809815e+02,2.515653449814946043e+02
3.289999632739402387e+02,-1.544846020805284752e+02,2.571130005482996239e+02
3.309998897793836363e+02,-1.454176951632730379e+02,2.623476346629764748e+02
3.329999632620674674e+02,-1.361729462262233028e+02,2.672630111681366998e+02
3.349999180942884891e+02,-1.267628513250624565e+02,2.718524467270393075e+02
3.370001017833316155e+02,-1.171972084010167237e+02,2.761111863921677241e+02
3.389999803928645292e+02,-1.074901808043878191e+02,2.800329253795315481e+02
3.409999805957490366e+02,-9.765167514851009400e+01,2.836137288619221408e+02
3.429999792709461985e+02,-8.769384728517206895e+01,2.868479594120589695e+02
3.450000701416828974e+02,-7.762950728043961135e+01,2.897346941316064886e+02
3.469999499258641436e+02,-6.747124277313787388e+01,2.922677530242380044e+02
3.489999581694739277e+02,-5.722988013664598839e+01,2.944437606257428115e+02
3.509999955708191806e+02,-4.691901583969365674e+01,2.962618598109296499e+02
3.529999453468057595e+02,-3.655105404654932499e+01,2.977180928853427986e+02
3.549999818914985212e+02,-2.613847486499389561e+01,2.988134714773384530e+02
3.569999595494975893e+02,-1.569416566259451429e+01,2.995430551850798793e+02
3.590000432222782365e+02,-5.230377865981608920e+00,2.999083590195965030e+02
3.609999973103321622e+02,5.239349204932750581e+00,2.999082725278940416e+02
3.630000585499924455e+02,1.570317004761818680e+01,2.995433713196741223e+02
3.649999925270632843e+02,2.614708631598614375e+01,2.988122341924375860e+02
3.669999494336768748e+02,3.655933272854872484e+01,2.977169857534123594e+02
3.689999831837252486e+02,4.692763241589864265e+01,2.962608795459129851e+02
3.709999388236516893e+02,5.723799363964099030e+01,2.944416834232760039e+02
3.730000153955820679e+02,6.747945210114630754e+01,2.922651221025294035e+02
3.750000453832765288e+02,7.763863722247333499e+01,2.897326215091204062e+02
3.770000875679010051e+02,8.770294754824817574e+01,2.868461244877875060e+02
3.790000596065814307e+02,9.766024834639256369e+01,2.836107088685687927e+02
3.810000871414938501e+02,1.074987376498379490e+02,2.800295399864878618e+02
3.829999401810531481e+02,1.172054576847485805e+02,2.761075827717282891e+02
3.849999732651451723e+02,1.267702160735957477e+02,2.718487214995261638e+02
3.870000865288238856e+02,1.361809642375042131e+02,2.672587930801241782e+02
3.890000606496013802e+02,1.454251549042578517e+02,2.623434236402762281e+02
3.909999136946157137e+02,1.544915833218574335e+02,2.571087267739444542e+02
3.929999391433862002e+02,1.633705111946592297e+02,2.515602935896640133e+02
3.949999141122465289e+02,1.720502961868060083e+02,2.457056190029850313e+02
3.969999387198735121e+02,1.805205344533860625e+02,2.395513075367582871e+02
3.989999145209055200e+02,1.887707968581203204e+02,2.331054548958742600e+02
4.010000233588019682e+02,1.967911782326245884e+02,2.263746974944984913e+02
4.030000621441575390e+02,2.045721777085541362e+02,2.193690925031907000e+02
4.050000846078930863e+02,2.121034034579129184e+02,2.120957685356379443e+02
4.070000212432511262e+02,2.193754090834008821e+02,2.045639742419481308e+02
4.089999361117664876e+02,2.263817595438304124e+02,1.967844361512486273e+02
4.109999823943374508e+02,2.331111706555539058e+02,1.887633133413123687e+02
4.129999631152883239e+02,2.395558182919990031e+02,1.805122671399670651e+02
4.149999875775844203e+02,2.457112453785030084e+02,1.720427418600635008e+02
4.170000857132255874e+02,2.515659726777876131e+02,1.633622307179270479e+02
4.190000120294697581e+02,2.571132798329376783e+02,1.544831913919477415e+02
4.210000535278775828e+02,2.623482118650535995e+02,1.454157237549652564e+02
4.230000079877348185e+02,2.672631920175290361e+02,1.361716070278699533e+02
4.249999712360212811e+02,2.718526350904739957e+02,1.267614376462942403e+02
4.269999788605716162e+02,2.761108981085603773e+02,1.171964905304199078e+02
4.290000517542192711e+02,2.800330129235535424e+02,1.074885837160228732e+02
4.309999434201578765e+02,2.836145341127485153e+02,9.765099581024674080e+01
4.330000058616572005e+02,2.868477178261146037e+02,8.769274747126621605e+01
4.350000105029480437e+02,2.897345499028056111e+02,7.762853461017633094e+01
4.370000103815701209e+02,2.922672731261823174e+02,6.746963439036188959e+01
4.389999031161169682e+02,2.944443596267897192e+02,5.722924247558744071e+01
4.410000868195429575e+02,2.962624185850163485e+02,4.691745026030591958e+01
4.430000097707214763e+02,2.977186595815992405e+02,3.654970506023832399e+01
4.450000483374930695e+02,2.988130812706003780e+02,2.613690423457850898e+01
4.470000480345136680e+02,2.995439721113334599e+02,1.569272445282529560e+01
4.489999574426246340e+02,2.999072570847329189e+02,5.229791138264154426e+00
4.509999330729156668e+02,2.999083688727746448e+02,-5.240161523960935597e+00
4.530000236484668790e+02,2.995431483843372007e+02,-1.570420169863817961e+01
4.549999869091848268e+02,2.988126088022704607e+02,-2.614836580931516608e+01
4.569999901647521483e+02,2.977152189469557015e+02,-3.656014059175023334e+01
4.589999632577921602e+02,2.962605554538376964e+02,-4.692855712111982314e+01
4.609999210158491678e+02,2.944419637020778282e+02,-5.723898573515361221e+01
4.630000104220615640e+02,2.922649595686880275e+02,-6.748070795843699443e+01
4.650000685611004769e+02,2.897316316588417067e+02,-7.763953019534548616e+01
4.670000367470015590e+02,2.868460272852744311e+02,-8.770380945609821310e+01
4.689998897819634180e+02,2.836106958161553848e+02,-9.766045561270789221e+01
4.709999632646028545e+02,2.800294815607035162e+02,-1.074992170608237387e+02
4.729999115440533615e+02,2.761072160675721534e+02,-1.172063693068515988e+02
4.750000067723704547e+02,2.718482434786528756e+02,-1.267714225381464530e+02
4.769999048666570616e+02,2.672588054725088114e+02,-1.361811330400306019e+02
4.789999935981250019e+02,2.623430782126224585e+02,-1.454257637129481111e+02
4.810000887382436758e+02,2.571077352529246127e+02,-1.544933042097821954e+02
4.830000060318882902e+02,2.515594213350805148e+02,-1.633717277058659363e+02
4.850000948631217170e+02,2.457044054002303710e+02,-1.720519551199644752e+02
4.870000367374614143e+02,2.395504655228878619e+02,-1.805219294853209249e+02
4.890001102199522052e+02,2.331041538861313711e+02,-1.887724681946983196e+02
4.909999947450450577e+02,2.263744243107494185e+02,-1.967921959855266039e+02
4.930000237206033944e+02,2.193661154114415694e+02,-2.045704728170354088e+02
4.950000375430297481e+02,2.120953354870216572e+02,-2.121043146877731544e+02
4.970000498929715036e+02,2.045640507484094996e+02,-2.193773646970105631e+02
4.990000748713176790e+02,1.967828061419231744e+02,-2.263826945842402552e+02
5.010000723003446979e+02,1.887620787782643674e+02,-2.331120153409015074e+02
5.030000744345741737e+02,1.805118051338035912e+02,-2.395582151165507696e+02
5.049999274764067536e+02,1.720419814480551395e+02,-2.457116095009532160e+02
5.069999985791850463e+02,1.633608479605818502e+02,-2.515648569431548935e+02
5.090000367394017076e+02,1.544823872694537386e+02,-2.571143388557387084e+02
5.110000367394774798e+02,1.454150964989707973e+02,-2.623490786120437974e+02
5.129998897812254199e+02,1.361713260992682990e+02,-2.672638378800679675e+02
5.149999632640342497e+02,1.267606301058804092e+02,-2.718535127414198769e+02
5.170000734827461883e+02,1.171953077121579554e+02,-2.761120283299688936e+02
5.190000367376190979e+02,1.074879087142053322e+02,-2.800338479320560623e+02
5.210000726197395124e+02,9.764917323221834522e+01,-2.836145303039011765e+02
5.230000485825012220e+02,8.769110206904178995e+01,-2.868472590818612389e+02
5.249999404125125011e+02,7.762807661794931846e+01,-2.897357501515747344e+02
5.269999573733186935e+02,6.746885475602721272e+01,-2.922675009834904358e+02
5.290000304416292920e+02,5.722729526581224491e+01,-2.944440842085850818e+02
5.309999359248175779e+02,4.691723109188478702e+01,-2.962634577077701010e+02
5.329999768899602941e+02,3.654872771029613432e+01,-2.977170573830654234e+02
5.349999712571014925e+02,2.613617145478247039e+01,-2.988131046058568927e+02
5.370000512947825655e+02,1.569161627624043831e+01,-2.995440126016948170e+02
5.390000367451926877e+02,5.228139084878876020e+00,-2.999088256097209069e+02
5.410000186427232620e+02,-5.241355573775763332e+00,-2.999041291675168850e+02
5.430000087963538817e+02,-1.570524570789848440e+01,-2.995436567470583213e+02
5.449999720586246212e+02,-2.614940721741095331e+01,-2.988130921915591216e+02
5.470001102153750026e+02,-3.656245840733299701e+01,-2.977176745792359043e+02
5.489999632587322367e+02,-4.692964087230893711e+01,-2.962603659860518519e+02
5.509998897832440434e+02,-5.724003570536387997e+01,-2.944421317059508283e+02
5.529999632641572589e+02,-6.748144728592342290e+01,-2.922650225201367675e+02
5.549999265243869786e+02,-7.764007932281811009e+01,-2.897319562762376108e+02
5.570000367368489833e+02,-8.770485785666005540e+01,-2.868456835319391871e+02
5.590001102196036982e+02,-9.766258763645782892e+01,-2.836099565994650220e+02
5.609999632655429878e+02,-1.075002442776076350e+02,-2.800290822180868986e+02
5.630000734845025363e+02,-1.172081879552779355e+02,-2.761065606363960683e+02
5.650000367334746443e+02,-1.267726281002815085e+02,-2.718479517351591994e+02
5.670000681183107645e+02,-1.361829507426164128e+02,-2.672580754174771869e+02
5.690000790041719938e+02,-1.454269106688179818e+02,-2.623418398371678677e+02
5.709999320567094401e+02,-1.544933000144574180e+02,-2.571070692633145427e+02
5.729999207990038030e+02,-1.633723561894748855e+02,-2.515592919281843933e+02
5.749999324078977452e+02,-1.720519226836017879e+02,-2.457038980767784722e+02
5.769999875730287613e+02,-1.805223841319789244e+02,-2.395497037260281559e+02
5.790000799614741709e+02,-1.887726745662607755e+02,-2.331029304708058021e+02
5.810000367469245930e+02,-1.967932711405928785e+02,-2.263736303607847162e+02
5.830001102225043041e+02,-2.045739958770063822e+02,-2.193674415517106127e+02
5.849999632621409091e+02,-2.121046593873047641e+02,-2.120948030580467218e+02
5.870000734820848720e+02,-2.193778663617090388e+02,-2.045628169292087932e+02
5.890000367383138382e+02,-2.263832802611473198e+02,-1.967821708710144719e+02
5.910000658811732137e+02,-2.331129994800853638e+02,-1.887614968738560037e+02
5.929999189161126196e+02,-2.395582765996496164e+02,-1.805116095197241179e+02
5.949999428829598855e+02,-2.457128649803562439e+02,-1.720413693699275086e+02
5.969999434555350035e+02,-2.515665864883458198e+02,-1.633609652301890662e+02
5.990000154405267949e+02,-2.571107584859441886e+02,-1.544790996730605741e+02
6.010000045990897206e+02,-2.623497467152678837e+02,-1.454143457950149809e+02
6.030000942587323607e+02,-2.672649341764181372e+02,-1.361694190328553873e+02
6.049999950838681571e+02,-2.718533674202794828e+02,-1.267592240155862271e+02
6.070000894205539907e+02,-2.761121554976057269e+02,-1.171940949545121953e+02
6.090000051227893891e+02,-2.800347464880533153e+02,-1.074871794143755039e+02
6.110000015076545878e+02,-2.836129722099517494e+02,-9.764777403134709743e+01
6.129999599523226834e+02,-2.868489580381856285e+02,-8.769090897529984829e+01
6.150000386728266903e+02,-2.897344115208288713e+02,-7.762616240271685797e+01
6.170000401710628921e+02,-2.922697573927907797e+02,-6.746775675729821842e+01
6.189999395516349523e+02,-2.944435589806330427e+02,-5.722656928986477709e+01
6.210000126849226945e+02,-2.962616878276867283e+02,-4.691533907854004326e+01
6.229999299884012771e+02,-2.977208101537821676e+02,-3.654814436138585876e+01
6.250000585309720691e+02,-2.988091571679442495e+02,-2.613467420628377624e+01
6.269999933214547809e+02,-2.995427939601790968e+02,-1.569066853203597844e+01
6.289999115517348400e+02,-2.999088488565457737e+02,-5.227714808418596704e+00
6.310000070347143719e+02,-2.999086302984783288e+02,5.242640533646188317e+00
6.330000954773784088e+02,-2.995428702778685874e+02,1.570661564617269335e+01
6.349999926475127268e+02,-2.988116216218036243e+02,2.615043320475631816e+01
6.370000882093464725e+02,-2.977172086502087041e+02,3.656342420010616223e+01
6.390000367336829186e+02,-2.962601356330460476e+02,4.693111044049102532e+01
6.410001102199978504e+02,-2.944417057919913532e+02,5.724225236443671605e+01
6.430000079842759533e+02,-2.922647473740139503e+02,6.748275055275763634e+01
6.450000959403176921e+02,-2.897315187548019821e+02,7.764202050546407463e+01
6.469999917425543572e+02,-2.868444822004416892e+02,8.770539637677694600e+01
6.490000081287111016e+02,-2.836092395245664193e+02,9.766305155022918427e+01
6.509999284118854348e+02,-2.800304720932190321e+02,1.075018188140151949e+02
6.530000064229496957e+02,-2.761046253209183305e+02,1.172081007504613979e+02
6.549999336407086048e+02,-2.718471743606442033e+02,1.267730519612670719e+02
6.570000285061754539e+02,-2.672529548868528764e+02,1.361810406278316918e+02
6.590000090789937985e+02,-2.623423973861836203e+02,1.454279726845913387e+02
6.610000965056212863e+02,-2.571067912755170255e+02,1.544953398852584030e+02
6.629999905873155512e+02,-2.515574877607969029e+02,1.633730274579713182e+02
6.650000056900958043e+02,-2.457028980405966649e+02,1.720532619078026642e+02
6.670000450114115438e+02,-2.395476986030821536e+02,1.805223665101957238e+02
6.690000083124119783e+02,-2.331016850182559210e+02,1.887724152712276577e+02
6.709999311640474389e+02,-2.263727637370593584e+02,1.967936009159024024e+02
6.729999900174727827e+02,-2.193663413478507209e+02,2.045737955937173069e+02
6.749999132017705961e+02,-2.120942480417375009e+02,2.121051979044074756e+02
6.770000103252655208e+02,-2.045622132475691615e+02,2.193781626524907153e+02
6.789998897784686278e+02,-1.967819003815370706e+02,2.263834703800263526e+02
6.809999632621719456e+02,-1.887610363798885373e+02,2.331134080133663247e+02
6.829998897816312819e+02,-1.805107944028181919e+02,2.395588492172146289e+02
6.849999632686009363e+02,-1.720400134265023553e+02,2.457128871549705309e+02
6.869999265110858460e+02,-1.633600957156609184e+02,2.515672238689550113e+02
6.890000367338357137e+02,-1.544804966993729067e+02,2.571154726193916531e+02
6.910000367329138271e+02,-1.454131711401232678e+02,2.623501525628582840e+02
6.929998897731220495e+02,-1.361693708100392541e+02,2.672648584569269588e+02
6.949999632210148093e+02,-1.267586743997676422e+02,2.718545461335749565e+02
6.969999463334110033e+02,-1.171940377759106013e+02,2.761131704996215035e+02
6.989999719670141758e+02,-1.074861969014859824e+02,2.800349045264872530e+02
7.010000821415584369e+02,-9.764552356544800205e+01,2.836101878946918191e+02
7.030000122651646279e+02,-8.768994742303857493e+01,2.868504127498665639e+02
7.050000980766461680e+02,-7.762508136750784615e+01,2.897360151099770746e+02
7.069999874477981621e+02,-6.746649424762426861e+01,2.922677926767962049e+02
7.089999875420637636e+02,-5.722537293786263035e+01,2.944443389936533890e+02
7.109999144291620041e+02,-4.691504258171653419e+01,2.962625981576692880e+02
7.130000127787859583e+02,-3.654650371027037181e+01,2.977193747270431459e+02
7.149999016654103343e+02,-2.613452009643333440e+01,2.988134791978967542e+02
7.170000853724811805e+02,-1.568916941502493501e+01,2.995435809110140895e+02
7.190000130976375203e+02,-5.226046790495274763e+00,2.999084496044418415e+02
7.210000134269519094e+02,5.243833502725010476e+00,2.999081658107668318e+02
7.230000986321896335e+02,1.570775931901016520e+01,2.995426386887864396e+02
7.249999864617848289e+02,2.615144193157493646e+01,2.988116468613100096e+02
7.270000851457238014e+02,3.656447381125190077e+01,2.977171242120789429e+02
7.290000367336375575e+02,4.693219927360996735e+01,2.962599655129622533e+02
7.310001102209231476e+02,5.724333448612287611e+01,2.944414965861635665e+02
7.330000140403336673e+02,6.748390802372932740e+01,2.922643881167117570e+02
7.350000989693353404e+02,7.764313083344586630e+01,2.897311956975876797e+02
7.369999857814080997e+02,8.770630532907671295e+01,2.868440530403806861e+02
7.389999959130636853e+02,9.766392313904998446e+01,2.836089693703895023e+02
7.410000576460457751e+02,1.075032108494956447e+02,2.800292854676636694e+02
7.430000132277964440e+02,1.172081903687762860e+02,2.761018444973107080e+02
7.449999078776387478e+02,1.267738125505766220e+02,2.718468575399739393e+02
7.469999453061200256e+02,1.361841453142333194e+02,2.672569088367608856e+02
7.489999076022078270e+02,1.454281315342859671e+02,2.623413271841948244e+02
7.509999476489698509e+02,1.544962724029278434e+02,2.571075252975550143e+02
7.529999206500710898e+02,1.633738709698359344e+02,2.515573788237755934e+02
7.550000451353953395e+02,1.720508526164512659e+02,2.456979690107733063e+02
7.570000152199389731e+02,1.805248578423911567e+02,2.395490872437338510e+02
7.590000995798625354e+02,1.887752012269606894e+02,2.331023877657259504e+02
7.609999845320126042e+02,1.967936567071260470e+02,2.263711015624662082e+02
7.629999935534805218e+02,2.045743234202823260e+02,2.193652196997113037e+02
7.650000540003821925e+02,2.121052694528279972e+02,2.120919063731694507e+02
7.670000172991817635e+02,2.193778826768570980e+02,2.045604059201736504e+02
7.689999194149723962e+02,2.263830476130601710e+02,1.967795473594889302e+02
7.709999929599716779e+02,2.331130078302567199e+02,1.887586617752169786e+02
7.729999241425608716e+02,2.395612916655036315e+02,1.805108641206651328e+02
7.750000177572122766e+02,2.457121079107246260e+02,1.720380952987258638e+02
7.769999184928408340e+02,2.515671768632096246e+02,1.633583058656818139e+02
7.790000477941031249e+02,2.571102594101980685e+02,1.544767804402366949e+02
7.810000163755944413e+02,2.623508856259022650e+02,1.454126632605016596e+02
7.830000167342725490e+02,2.672658172739816109e+02,1.361680778580008280e+02
7.849998996674474938e+02,2.718543310897721312e+02,1.267576515103218497e+02
7.869999832067749139e+02,2.761121625146988663e+02,1.171921058120840655e+02
7.890000493785648814e+02,2.800288892859584848e+02,1.074830026392293547e+02
7.910000337851712402e+02,2.836177607506779168e+02,9.764678953286629337e+01
7.929999168489225667e+02,2.868501605602145901e+02,8.768874666166891529e+01
7.949999829503635738e+02,2.897349445101649508e+02,7.762403810105813307e+01
7.970000833709748349e+02,2.922683041821019287e+02,6.746487199284435121e+01
7.990000172300374288e+02,2.944453071282014207e+02,5.722452700025473149e+01
8.010000175624594476e+02,2.962630512365199138e+02,4.691363054138724920e+01
8.030001006999972333e+02,2.977198879303055037e+02,3.654506522084425768e+01
8.049999823546444304e+02,2.988124940803786558e+02,2.613271935579761163e+01
8.069999896428060993e+02,2.995432417140173129e+02,1.568805363433977362e+01
8.090000567006870824e+02,2.999062924577056037e+02,5.225143355357076302e+00
8.110000201490860263e+02,2.999059316397651855e+02,-5.244548060037018899e+00
8.129999156100161599e+02,2.995425189793591016e+02,-1.570844392524136879e+01
8.150000830042681628e+02,2.988114493430084622e+02,-2.615321074122372380e+01
8.170000179231569746e+02,2.977172790180807169e+02,-3.656498315556537193e+01
8.190000182802893960e+02,2.962596578031093486e+02,-4.693291128314923810e+01
8.210001010646481063e+02,2.944412402519305942e+02,-5.724423334521557649e+01
8.229999816602531837e+02,2.922637436242580407e+02,-6.748489340010831938e+01
8.250000827630736921e+02,2.897306601427512760e+02,-7.764413165036354769e+01
8.270000367306724911e+02,2.868447343566572272e+02,-8.770802308405968972e+01
8.290001102194092937e+02,2.836088866981190222e+02,-9.766571485444370637e+01
8.310000367235172689e+02,2.800277658370091558e+02,-1.075036918985555729e+02
8.330001102095551460e+02,2.761052097719175435e+02,-1.172114155366503496e+02
8.349999632178322599e+02,2.718467969067824015e+02,-1.267753169588362141e+02
8.369999783838477470e+02,2.672582287128830103e+02,-1.361866543585672673e+02
8.389999416414464122e+02,2.623426935581956059e+02,-1.454306653987228799e+02
8.410000807103447187e+02,2.570970887247908649e+02,-1.544911848897247921e+02
8.429999632534198781e+02,2.515573564914166127e+02,-1.633753308635147903e+02
8.449999632585701193e+02,2.457023699214209955e+02,-1.720550439457932157e+02
8.469999265175297296e+02,2.395481572805902033e+02,-1.805249852093240861e+02
8.490000367402777783e+02,2.331016197939898120e+02,-1.887755910183301182e+02
8.510000367413637150e+02,2.263714307754689798e+02,-1.967957414269923504e+02
8.529998897776300737e+02,2.193659667565461859e+02,-2.045755628155486647e+02
8.549999632573018289e+02,2.120924613456350016e+02,-2.121069922780652917e+02
8.569999632535231058e+02,2.045608154103133529e+02,-2.193797198161696542e+02
8.589999265254625698e+02,1.967800887531616354e+02,-2.263850410415183489e+02
8.610001102234500650e+02,1.887587273950030067e+02,-2.331152836454152748e+02
8.630000198712538122e+02,1.805082570968988875e+02,-2.395602551039779371e+02
8.649998981104876066e+02,1.720382891985118476e+02,-2.457136683342386334e+02
8.669999800605050950e+02,1.633574931451121302e+02,-2.515677921625691909e+02
8.689999858989864379e+02,1.544787284591852767e+02,-2.571165903655130478e+02
8.709999230928125371e+02,1.454129323869115069e+02,-2.623531426634145305e+02
8.730000223101857273e+02,1.361645609324987163e+02,-2.672613371861455107e+02
8.749999027961869160e+02,1.267567670606085812e+02,-2.718551274816488785e+02
8.769999503509458236e+02,1.171916248871129937e+02,-2.761127766955760308e+02
8.789999026074619906e+02,1.074842952138428700e+02,-2.800350691538065462e+02
8.809999504914018189e+02,9.764545738005381281e+01,-2.836150363809719011e+02
8.829999515379582817e+02,8.768762418869346220e+01,-2.868503188174852312e+02
8.850000978235210596e+02,7.762275159116597933e+01,-2.897352022933481521e+02
8.870000367369462992e+02,6.746428890773995590e+01,-2.922690490199848909e+02
8.890001102165851989e+02,5.722273509095248301e+01,-2.944455057163078777e+02
8.909999632663559623e+02,4.691261020720958186e+01,-2.962630572378824354e+02
8.929999632642729921e+02,3.654457562108063939e+01,-2.977198086100373757e+02
8.950000734824685651e+02,2.613144248353682997e+01,-2.988138851039030328e+02
8.970000367401460153e+02,1.568723704411104336e+01,-2.995438228914015326e+02
8.990000367406294117e+02,5.223727107309059647e+00,-2.999088313058415451e+02
9.010001102111500586e+02,-5.246533092596564529e+00,-2.999084506501392866e+02
9.029999631903716590e+02,-1.570925697593474979e+01,-2.995427940235076676e+02
9.049999514761018418e+02,-2.615365930916141224e+01,-2.988126563398665212e+02
9.069999509452978828e+02,-3.656618221592043483e+01,-2.977172067472846493e+02
9.090000979254898539e+02,-4.693351601494714487e+01,-2.962539711625576047e+02
9.110000214422525460e+02,-5.724504487753210924e+01,-2.944416017582988161e+02
9.130001026568766065e+02,-6.748645647104876844e+01,-2.922640537043624818e+02
9.149999784200881550e+02,-7.764437356863572859e+01,-2.897296286671304983e+02
9.169999786451037380e+02,-8.770850145664553565e+01,-2.868432865473671995e+02
9.190000573363594185e+02,-9.766413939038329772e+01,-2.836027608279152901e+02
9.210000333442513920e+02,-1.075056166244380620e+02,-2.800293712550893019e+02
9.229999096375396448e+02,-1.172114535383184375e+02,-2.761045112408170326e+02
9.249999784387066484e+02,-1.267758472786345010e+02,-2.718448237653727801e+02
9.269999189774157458e+02,-1.361862483960039754e+02,-2.672566461228070125e+02
9.290001026792813263e+02,-1.454312627099848214e+02,-2.623405363569253836e+02
9.309999782091257430e+02,-1.544969432757015966e+02,-2.571038921800807771e+02
9.329999833460144600e+02,-1.633763083932594782e+02,-2.515558719106903141e+02
9.350000619180904096e+02,-1.720569771949462847e+02,-2.457025283459915670e+02
9.370000241660337679e+02,-1.805230373371150563e+02,-2.395436876287063228e+02
9.389999013186152297e+02,-1.887758869069848515e+02,-2.331009877984730281e+02
9.410000734604436730e+02,-1.967967641231202833e+02,-2.263706382119950149e+02
9.430000367180272178e+02,-2.045769810568831417e+02,-2.193647411048005722e+02
9.450000480957141917e+02,-2.121081015461672905e+02,-2.120910698889203729e+02
9.469999011235370290e+02,-2.193802942753063689e+02,-2.045599715332269284e+02
9.489999518908400660e+02,-2.263852601532234985e+02,-1.967789380033255213e+02
9.509999011102552231e+02,-2.331152284316062833e+02,-1.887583449211280708e+02
9.529999521935717439e+02,-2.395619974549244944e+02,-1.805086866517268618e+02
9.549999089208096166e+02,-2.457146638917638484e+02,-1.720368874669706543e+02
9.570000575850941686e+02,-2.515633540850594727e+02,-1.633538180959212411e+02
9.590000223832187203e+02,-2.571173102439643117e+02,-1.544781676956767456e+02
9.610001031482057670e+02,-2.623520142486768236e+02,-1.454101909487160356e+02
9.629999774607210838e+02,-2.672656257301368896e+02,-1.361652186605229531e+02
9.649999825622019216e+02,-2.718559691063423998e+02,-1.267548341957521956e+02
9.670000625692996437e+02,-2.761150500418930278e+02,-1.171908852560242167e+02
9.690000243669487645e+02,-2.800307447632603726e+02,-1.074816687674217377e+02
9.709999008547282529e+02,-2.836162035704801383e+02,-9.764448839853299944e+01
9.729999632487782719e+02,-2.868512148956597230e+02,-8.768696655232831461e+01
9.749999265130555841e+02,-2.897366178439774558e+02,-7.762273539111507148e+01
9.770000367359070879e+02,-2.922692408773327770e+02,-6.746319898185490160e+01
9.790000367376237591e+02,-2.944456346654305889e+02,-5.722202819334751211e+01
9.809998897721369531e+02,-2.962631765139690287e+02,-4.691190161088918842e+01
9.829999632312544691e+02,-2.977199969756156861e+02,-3.654348538287797510e+01
9.849999527813725990e+02,-2.988124622713798999e+02,-2.613112578688355825e+01
9.869999476083369245e+02,-2.995440735005413444e+02,-1.568596415550889134e+01
9.890000996874450720e+02,-2.999073639128373543e+02,-5.222644223577120215e+00
9.910000367316251868e+02,-2.999084677312016538e+02,5.247244882762629459e+00
9.930001102137374573e+02,-2.995425797729949409e+02,1.571111137904928512e+01
9.949999632686797213e+02,-2.988118557356337988e+02,2.615468391618810529e+01
9.969999632643051655e+02,-2.977170427233641021e+02,3.656716004228781003e+01
9.990000529845688106e+02,-2.962557969427048192e+02,4.693437668975082033e+01
1.001000047269277616e+03,-2.944415096207994793e+02,5.724668020782524991e+01
1.002999900308035308e+03,-2.922644407522643633e+02,6.748692036842896869e+01
1.004999963240980037e+03,-2.897305265889867769e+02,7.764559653796700900e+01
1.007000073474973192e+03,-2.868440259889130175e+02,8.771031242765246816e+01
1.009000036748778030e+03,-2.836082933610323380e+02,9.766743418675719113e+01
1.011000036750171262e+03,-2.800269757430851314e+02,1.075057487402182232e+02
1.012999889760103201e+03,-2.761047960465562028e+02,1.172123798496051563e+02
1.014999963191659617e+03,-2.718458490637076466e+02,1.267773057703296047e+02
1.016999974725595848e+03,-2.672571234269785236e+02,1.361886079532442295e+02
1.018999938043491511e+03,-2.623415266784859341e+02,1.454325856804847206e+02
1.021000087821576471e+03,-2.570969730116689789e+02,1.544935853605143450e+02
1.022999963216466881e+03,-2.515561520447208750e+02,1.633771769980304498e+02
1.024999889779156774e+03,-2.457013259841123727e+02,1.720565336614377827e+02
1.026999963257909258e+03,-2.395467155130318133e+02,1.805268991595850707e+02
1.028999889779242267e+03,-2.331007190952018391e+02,1.887767074968517136e+02
1.030999963265065844e+03,-2.263702469100271628e+02,1.967971234749226710e+02
1.032999896062370681e+03,-2.193643389184762782e+02,2.045772298440088264e+02
1.034999975993193402e+03,-2.120906184973969175e+02,2.121086289463604828e+02
1.036999920062541378e+03,-2.045593040231278792e+02,2.193808524787199019e+02
1.039000023959423743e+03,-1.967778825426858020e+02,2.263863549625390874e+02
1.041000024155934625e+03,-1.887572675318569964e+02,2.331159902958593193e+02
1.042999896054359624e+03,-1.805070427954915431e+02,2.395613868030099525e+02
1.044999981156623107e+03,-1.720364401246329180e+02,2.457163863506766575e+02
1.047000064100549025e+03,-1.633563299426718913e+02,2.515705754209881775e+02
1.049000024309477112e+03,-1.544744815308208672e+02,2.571130035966745027e+02
1.050999899908665384e+03,-1.454099266577022718e+02,2.623523639971707553e+02
1.052999963248362747e+03,-1.361651178845240793e+02,2.672670549565883107e+02
1.054999926514648223e+03,-1.267548180742446675e+02,2.718562316895198592e+02
1.057000036737951177e+03,-1.171893997120610038e+02,2.761145322196688880e+02
1.059000036740497535e+03,-1.074817289221309693e+02,2.800361884405582487e+02
1.060999889776920099e+03,-9.764383572740689488e+01,2.836164126856289158e+02
1.062999963256444062e+03,-8.768589206713386375e+01,2.868514811637164712e+02
1.065000073475450563e+03,-7.762092267503066978e+01,2.897370881541190784e+02
1.067000036748636603e+03,-6.746212326984596075e+01,2.922694823772876020e+02
1.069000110225295884e+03,-5.722056773791382511e+01,2.944459135930758293e+02
1.071000024756930316e+03,-4.691013383272365900e+01,2.962628075090054267e+02
1.073000104296319705e+03,-3.654167653222293666e+01,2.977199012702127447e+02
1.074999975147457462e+03,-2.612962842997740154e+01,2.988138502945387245e+02
1.076999975314260382e+03,-1.568522396938578822e+01,2.995437138415519485e+02
1.078999920467848597e+03,-5.222195152437052457e+00,2.999086370421098877e+02
1.081000024789852660e+03,5.248158145059733215e+00,2.999078940175467096e+02
1.082999889779777277e+03,1.571106006732907190e+01,2.995425749949658893e+02
1.085000073483113738e+03,2.615635798546827573e+01,2.988117119743163244e+02
1.087000036721861534e+03,3.656864167994399395e+01,2.977168933936006283e+02
1.089000046406873707e+03,4.693674780489982368e+01,2.962595033438268501e+02
1.091000100509793128e+03,5.724732723466331663e+01,2.944398699803861064e+02
1.092999953565394435e+03,6.748756397204806490e+01,2.922627585710722542e+02
1.094999899452855288e+03,7.764647414643786760e+01,2.897303703891740270e+02
1.096999954842259967e+03,8.771098527267213285e+01,2.868445798801981255e+02
1.098999947264317370e+03,9.766847947159430987e+01,2.836082365510341106e+02
1.101000098034126495e+03,1.075050357118720967e+02,2.800222823358385540e+02
1.103000025217650318e+03,1.172138915188143073e+02,2.761041329285608867e+02
1.105000104507380684e+03,1.267788370430944269e+02,2.718449668823058119e+02
1.106999974747525812e+03,1.361883895678529370e+02,2.672548702761847608e+02
1.109000079281740909e+03,1.454329965010624619e+02,2.623390494768411827e+02
1.111000036735628555e+03,1.544997187200387998e+02,2.571039326444551989e+02
1.113000110218673171e+03,1.633787381124138847e+02,2.515551184393653443e+02
1.114999963260738923e+03,1.720577483776910412e+02,2.457004680927482241e+02
1.116999889779797741e+03,1.805274710834069083e+02,2.395462824916786815e+02
1.118999963266766144e+03,1.887778668374735389e+02,2.330997879712578538e+02
1.120999895311327691e+03,1.967977102744216609e+02,2.263697072416421179e+02
1.122999974462144564e+03,2.045783605591677770e+02,2.193633150027362149e+02
1.124999920853136018e+03,2.121089615663740915e+02,2.120901517205250855e+02
1.127000025575348900e+03,2.193817138507188247e+02,2.045578507539340194e+02
1.128999889802302050e+03,2.263870822371914073e+02,1.967777393612379342e+02
1.130999963306485370e+03,2.331168753379129157e+02,1.887567543731697697e+02
1.132999926492528175e+03,2.395622838571625834e+02,1.805062427619037067e+02
1.135000036690237266e+03,2.457162940842858916e+02,1.720352019494069395e+02
1.137000045845226396e+03,2.515710698193006465e+02,1.633551740619845418e+02
1.138999898936906902e+03,2.571184406611237137e+02,1.544766142507933182e+02
1.141000055309272511e+03,2.623503219449617063e+02,1.454070426376370335e+02
1.143000036710632912e+03,2.672676959562213597e+02,1.361637725974460409e+02
1.145000110201801363e+03,2.718571093095974902e+02,1.267529478258168609e+02
1.146999963241181831e+03,2.761148810518038772e+02,1.171887638459461414e+02
1.148999974375271222e+03,2.800377996624138177e+02,1.074813710312520527e+02
1.150999937622749258e+03,2.836181796821001626e+02,9.764292077392310887e+01
1.153000088471347681e+03,2.868456173559179661e+02,8.768253036264405864e+01
1.154999963256203046e+03,2.897372376258440454e+02,7.762042086625902471e+01
1.157000073479148568e+03,2.922697770060135554e+02,6.746086376079624358e+01
1.159000036742897237e+03,2.944460496787037300e+02,5.721986424649956859e+01
1.161000036746964042e+03,2.962636286480296803e+02,4.690896399303883868e+01
1.163000110225330673e+03,2.977203020127381023e+02,3.654053047751473571e+01
1.164999963244263427e+03,2.988141210067042266e+02,2.612872437446647922e+01
1.166999963239845101e+03,2.995439765139776682e+02,1.568432044371151335e+01
1.169000056070306300e+03,2.999064969927444508e+02,5.220298685402539718e+00
1.171000045664597337e+03,2.999086313367488401e+02,-5.249518721591400094e+00
1.172999898651873082e+03,2.995427914496171979e+02,-1.571223067674927165e+01
1.174999954339849410e+03,2.988109556581662218e+02,-2.615676541122309118e+01
1.176999944024186789e+03,2.977168139427089955e+02,-3.656931636775848915e+01
1.179000101558723600e+03,2.962581336837838535e+02,-4.693776686812053356e+01
1.181000036741314943e+03,2.944405443127757280e+02,-5.724836631321389291e+01
1.183000110220335046e+03,2.922631197632754265e+02,-6.748971260272678308e+01
1.184999963260169579e+03,2.897299115896466901e+02,-7.764771495146206348e+01
1.186999963258844900e+03,2.868435409948010602e+02,-8.771186527901156182e+01
1.189000073477046953e+03,2.836075072443536556e+02,-9.766969750613014867e+01
1.191000036744724412e+03,2.800261783522882979e+02,-1.075078025747600776e+02
1.193000110224438004e+03,2.761034667337244173e+02,-1.172154616101458089e+02
1.195000026831507284e+03,2.718444121522707064e+02,-1.267794413717621325e+02
1.197000105314430130e+03,2.672542443838551662e+02,-1.361899141606802459e+02
1.198999973085483589e+03,2.623386699734869580e+02,-1.454333068337872419e+02
1.200999973189176671e+03,2.571032783885898425e+02,-1.545002175466488268e+02
1.202999921544318568e+03,2.515550001473980046e+02,-1.633787984803199151e+02
1.205000026895782867e+03,2.456994982182854983e+02,-1.720588279915213263e+02
1.206999889779839805e+03,2.395456203658868617e+02,-1.805283520665078356e+02
1.208999963262544497e+03,2.330990913988052853e+02,-1.887787207863486572e+02
1.210999926505915937e+03,2.263689373121524113e+02,-1.967986512535806867e+02
1.213000045195448820e+03,2.193623990631076595e+02,-2.045793613695457793e+02
1.214999898230767258e+03,2.120895910026833917e+02,-2.121098620783682804e+02
1.216999954820262246e+03,2.045573820561285174e+02,-2.193824509844369288e+02
1.218999898207966226e+03,1.967767621120356125e+02,-2.263877151664987366e+02
1.220999954832730964e+03,1.887558016665916512e+02,-2.331173728897580872e+02
1.222999943163103126e+03,1.805047310654795183e+02,-2.395623230037088547e+02
1.225000101896733895e+03,1.720339796833718538e+02,-2.457169965610246436e+02
1.227000045083972282e+03,1.633538057074856624e+02,-2.515708759707708282e+02
1.229000097501690107e+03,1.544737099031312937e+02,-2.571174019659204646e+02
1.231000037649511569e+03,1.454077762410438481e+02,-2.623541761661006149e+02
1.232999905153273858e+03,1.361629056918059177e+02,-2.672671800717830592e+02
1.234999978831216367e+03,1.267520271428534215e+02,-2.718565296084503871e+02
1.237000062706040580e+03,1.171871100270354873e+02,-2.761146889632221928e+02
1.239000025952591159e+03,1.074795916064708763e+02,-2.800362184025659076e+02
1.240999904994245981e+03,9.764124297661874152e+01,-2.836165881209015538e+02
1.242999972539751525e+03,8.768340282012150055e+01,-2.868514474456275707e+02
1.244999921885135564e+03,7.761965976617875640e+01,-2.897375953994757083e+02
1.247000027584678492e+03,6.746020695595598227e+01,-2.922702298589240399e+02
1.249000105694593458e+03,5.721851741222235432e+01,-2.944464669414500122e+02
1.250999972314517208e+03,4.690798294543719749e+01,-2.962630953777670584e+02
1.252999978380752054e+03,3.653978139960463523e+01,-2.977199478423615346e+02
1.255000067633053959e+03,2.612721574213719578e+01,-2.988148343250579160e+02
1.257000023949686693e+03,1.568312408858719209e+01,-2.995422332864816326e+02
1.258999897784947052e+03,5.219884356549755466e+00,-2.999086473803283184e+02
1.260999955297604174e+03,-5.249966143034725974e+00,-2.999082137792030949e+02
1.262999942197037626e+03,-1.571384795829180803e+01,-2.995418972239569939e+02
1.265000102437993974e+03,-2.615848054592879635e+01,-2.988111137183668120e+02
1.267000036736038965e+03,-3.657082232965058211e+01,-2.977166072829431300e+02
1.269000110218222744e+03,-4.693910620608039608e+01,-2.962588593716835703e+02
1.270999963262602932e+03,-5.724906574045326124e+01,-2.944403741900065370e+02
1.272999963260694130e+03,-6.749003608503016949e+01,-2.922630396654519700e+02
1.275000073479472348e+03,-7.764933803061239814e+01,-2.897294793209758836e+02
1.277000036734739297e+03,-8.771329442016576650e+01,-2.868431262085287017e+02
1.279000044399419266e+03,-9.767073417546680503e+01,-2.836071226619444019e+02
1.281000097883623994e+03,-1.075081141263344762e+02,-2.800239680760228111e+02
1.282999957922012300e+03,-1.172158531365953422e+02,-2.761037477668523366e+02
1.284999904077454403e+03,-1.267802828018416221e+02,-2.718443692912480856e+02
1.287000077726661402e+03,-1.361908042665736502e+02,-2.672537070053021466e+02
1.289000028337057529e+03,-1.454345226492928305e+02,-2.623383236676610295e+02
1.291000028465725563e+03,-1.545014106950302448e+02,-2.571028756275282490e+02
1.293000106106908561e+03,-1.633804971334043330e+02,-2.515539707418867295e+02
1.294999971504814994e+03,-1.720595916762640627e+02,-2.456988958566774954e+02
1.297000077628518966e+03,-1.805300188421306302e+02,-2.395442263741427382e+02
1.299000036726745520e+03,-1.887798791653531225e+02,-2.330981604847515030e+02
1.301000090867081326e+03,-1.967978500024273671e+02,-2.263657791353434163e+02
1.302999973246274976e+03,-2.045804058266835455e+02,-2.193620612507965006e+02
1.304999936497057433e+03,-2.121112795071226174e+02,-2.120888110499968207e+02
1.307000036718382717e+03,-2.193837650323130219e+02,-2.045565321015189966e+02
1.309000110214769620e+03,-2.263892907819181346e+02,-1.967752104768799200e+02
1.310999963250654446e+03,-2.331182758947320508e+02,-1.887550524420362308e+02
1.312999956103807335e+03,-2.395632936442639220e+02,-1.805042407726199656e+02
1.314999940806874974e+03,-2.457173398785771496e+02,-1.720334588950956913e+02
1.317000103113597106e+03,-2.515715141296655020e+02,-1.633527943045328925e+02
1.319000036738726521e+03,-2.571194574977971570e+02,-1.544738949584367447e+02
1.321000110218445570e+03,-2.623540766815353891e+02,-1.454060894256477638e+02
1.322999963252551879e+03,-2.672685292532050880e+02,-1.361621548394721231e+02
1.324999956273157977e+03,-2.718572959768021065e+02,-1.267516605386914534e+02
1.326999940487928370e+03,-2.761156024866681946e+02,-1.171864578684885316e+02
1.329000103250254597e+03,-2.800372125584030982e+02,-1.074783919663407090e+02
1.331000043702786797e+03,-2.836178156674568527e+02,-9.763979301763743024e+01
1.333000103192366851e+03,-2.868523471198086554e+02,-8.768211858396749392e+01
1.334999956368986204e+03,-2.897374836624485397e+02,-7.761841091554533989e+01
1.336999896759004059e+03,-2.922701617485417955e+02,-6.745946490057895062e+01
1.339000073524507570e+03,-2.944465188489889442e+02,-5.721751458300596482e+01
1.341000036647065144e+03,-2.962639771826429751e+02,-4.690678940418054310e+01
1.343000036651258370e+03,-2.977205290807278288e+02,-3.653872675712631235e+01
1.345000092092296882e+03,-2.988118615878065611e+02,-2.612611529258440157e+01
1.346999972604392269e+03,-2.995445899900751101e+02,-1.568184867010920414e+01
1.348999935754855187e+03,-2.999094076358869643e+02,-5.218526848793004547e+00
1.351000036658591398e+03,-2.999083613008806424e+02,5.251651531646984949e+00
1.352999889805271323e+03,-2.995424000512684870e+02,1.571436029409161961e+01
1.354999963315940477e+03,-2.988114640196304208e+02,2.615907447352481086e+01
1.356999963312106047e+03,-2.977164936153176313e+02,3.657153300998051293e+01
1.358999926498218883e+03,-2.962588310938194809e+02,4.693924372701221159e+01
1.361000110197914410e+03,-2.944400138671157947e+02,5.725090186834688666e+01
1.362999963297146678e+03,-2.922627884858502512e+02,6.749110936467603494e+01
1.364999926500575384e+03,-2.897293883395013836e+02,7.764965716297007248e+01
1.367000036712635165e+03,-2.868427840650015241e+02,8.771434043629551525e+01
1.369000036715936858e+03,-2.836068556930740669e+02,9.767160043311589845e+01
1.370999889774805752e+03,-2.800256844730283774e+02,1.075091505191148116e+02
1.372999972052083876e+03,-2.761032714472607950e+02,1.172171906563576442e+02
1.374999935299827030e+03,-2.718443373024042558e+02,1.267814835081744604e+02
1.377000092934944632e+03,-2.672515735511829007e+02,1.361905365050885450e+02
1.378999963255400644e+03,-2.623378619676295784e+02,1.454353331070553850e+02
1.380999963251091231e+03,-2.571024175983648092e+02,1.545022167309972474e+02
1.382999926528518245e+03,-2.515538387948336094e+02,1.633807019567248631e+02
1.385000110228396352e+03,-2.456981286614040982e+02,1.720610849235495721e+02
1.386999963236043868e+03,-2.395440590315606642e+02,1.805304158593420709e+02
1.388999926531645087e+03,-2.330978200669410398e+02,1.887802783546235332e+02
1.391000036775422359e+03,-2.263670916126957309e+02,1.968007292017589975e+02
1.393000036780675600e+03,-2.193609317385858049e+02,2.045809590139070622e+02
1.394999889755248205e+03,-2.120880576113227107e+02,2.121113929132025362e+02
1.396999963209131010e+03,-2.045559793062866447e+02,2.193842258149522308e+02
1.398999926548184476e+03,-1.967750965140421613e+02,2.263893738360789598e+02
1.401000110251575961e+03,-1.887535847233261848e+02,2.331194361090641678e+02
1.402999963193029316e+03,-1.805034458289642316e+02,2.395643826434971686e+02
1.404999963186855211e+03,-1.720327917620570588e+02,2.457179402174668894e+02
1.407000073440781534e+03,-1.633520571677840962e+02,2.515724416975401709e+02
1.409000036822744732e+03,-1.544729399530338014e+02,2.571200110138307764e+02
1.411000094499311899e+03,-1.454045730564039332e+02,2.623530646094467897e+02
1.412999971154742298e+03,-1.361611725383927478e+02,2.672693335328118565e+02
1.414999934560317342e+03,-1.267508237811998697e+02,2.718584066082239588e+02
1.417000042395806531e+03,-1.171852821892871361e+02,2.761163507747985477e+02
1.419000104757494455e+03,-1.074772755743119887e+02,2.800376932538050028e+02
1.420999957636018280e+03,-9.763932635038463559e+01,2.836177621188845137e+02
1.422999895243764286e+03,-8.768197961232590387e+01,2.868527525872713113e+02
1.425000073478968488e+03,-7.761666809101689068e+01,2.897382364958256176e+02
1.427000036735590584e+03,-6.745783041632330423e+01,2.922704802755467881e+02
1.429000042049412968e+03,-5.721654773737509458e+01,2.944467724110982658e+02
1.431000104844385078e+03,-4.690537870375237617e+01,2.962639937532100021e+02
1.432999958027933644e+03,-3.653807196549087166e+01,2.977204133523224527e+02
1.434999895106632948e+03,-2.612573647859062476e+01,2.988144664134700861e+02
1.437000073530977488e+03,-1.568044357517419485e+01,2.995441780923318902e+02
1.439000036642096802e+03,-5.217119750542678958e+00,2.999089364849829735e+02
1.441000036648208152e+03,5.252753945761924115e+00,2.999083133724458321e+02
1.443000110173794610e+03,1.571661249213593692e+01,2.995422768344855058e+02
1.444999963341224657e+03,2.616017237367941561e+01,2.988113660329735808e+02
1.446999926481078091e+03,3.657243474758070079e+01,2.977163827225191426e+02
1.449000036669399151e+03,4.694090167732974805e+01,2.962585689001168703e+02
1.450999889806463216e+03,5.725085156178647594e+01,2.944400251363836105e+02
1.452999963313300668e+03,6.749218602955761526e+01,2.922625508640213070e+02
1.454999970195583273e+03,7.765107075499099665e+01,2.897292591307331691e+02
1.456999933381572646e+03,8.771500425101203291e+01,2.868428341647560273e+02
1.459000096655056041e+03,9.767246878658124842e+01,2.836054280140236301e+02
1.460999963296720807e+03,1.075105295159396519e+02,2.800251318500771731e+02
1.462999926501551954e+03,1.172176178276949940e+02,2.761025496990912984e+02
1.465000036712997371e+03,1.267825972143364197e+02,2.718432653974892332e+02
1.467000036718767888e+03,1.361925803005424314e+02,2.672530067843571828e+02
1.468999889780352987e+03,1.454359636223548478e+02,2.623375184803113598e+02
1.470999969759277519e+03,1.545033407988544241e+02,2.571019751679142473e+02
1.472999933010099539e+03,1.633818044083395762e+02,2.515533623629300450e+02
1.475000097466657735e+03,1.720613339508240642e+02,2.456968637304747745e+02
1.476999963252936368e+03,1.805312968792741231e+02,2.395433973524777400e+02
1.478999963246775451e+03,1.887812844516129189e+02,2.330970062733682369e+02
1.480999926528656033e+03,1.968011255979827183e+02,2.263667480349016046e+02
1.483000036763553453e+03,2.045817659283943613e+02,2.193601815181974928e+02
1.485000098085196896e+03,2.121123176554960992e+02,2.120859988958513895e+02
1.486999969300071598e+03,2.193851522360096169e+02,2.045552313016684707e+02
1.488999932618162575e+03,2.263902688840562405e+02,1.967743204827577017e+02
1.491000036783646465e+03,2.331198933142477472e+02,1.887530327504543948e+02
1.493000110241595166e+03,2.395655098719466878e+02,1.805019516788330520e+02
1.494999963200637239e+03,2.457185720935508471e+02,1.720318892884281752e+02
1.496999926552108718e+03,2.515726217871479093e+02,1.633517774614979317e+02
1.499000110257501547e+03,2.571207732149714502e+02,1.544716645263598025e+02
1.500999963182523743e+03,2.623547643122410591e+02,1.454048314823078272e+02
1.502999963176056781e+03,2.672695115159572197e+02,1.361601838125130257e+02
1.505000073435202239e+03,2.718588744609860441e+02,1.267491218104908768e+02
1.507000036836147274e+03,2.761166809166438725e+02,1.171843253464994490e+02
1.509000099386960756e+03,2.800377094158975524e+02,1.074761202864932130e+02
1.510999968573670913e+03,2.836184553959792538e+02,9.763824361379953132e+01
1.512999932000912395e+03,2.868531555899062369e+02,8.768078590143406359e+01
1.515000036860390082e+03,2.897384680467171165e+02,7.761578763548538973e+01
1.517000110280107720e+03,2.922708067486305481e+02,6.745637998573971572e+01
1.518999963124014585e+03,2.944468150845173113e+02,5.721591607354223896e+01
1.520999889781730644e+03,2.962641956156244305e+02,4.690537063904866955e+01
1.523000073487030477e+03,2.977208137200300371e+02,3.653634684311532510e+01
1.525000036732644276e+03,2.988145378892681947e+02,2.612395073880965413e+01
1.527000040134938445e+03,2.995442184740409175e+02,1.567950249928279050e+01
1.529000103762430399e+03,2.999087339733328008e+02,5.215695956745733497e+00
1.530999961414800282e+03,2.999083448390124431e+02,-5.253458680253800139e+00
1.532999934662765099e+03,2.995422207943502144e+02,-1.571683515388586727e+01
1.535000104041793747e+03,2.988110460984294150e+02,-2.616195093416011730e+01
1.536999961453585229e+03,2.977162806366468430e+02,-3.657371035720574071e+01
1.538999896029808042e+03,2.962584573966405515e+02,-4.694129239050876379e+01
1.540999969438551489e+03,2.944396863330043743e+02,-5.725237488493299054e+01
1.542999927962775928e+03,2.922624041517215119e+02,-6.749310369784301145e+01
1.545000102794854456e+03,2.897283784068972636e+02,-7.765256642646816942e+01
1.546999966305844282e+03,2.868422036202882737e+02,-8.771610275837363702e+01
1.548999925020028741e+03,2.836063303014020676e+02,-9.767312089039363343e+01
1.551000033771337257e+03,2.800246120767310458e+02,-1.075118842567168258e+02
1.553000033817691701e+03,2.761019058897536524e+02,-1.172191313166737245e+02
1.554999891215672733e+03,2.718431080355603626e+02,-1.267829092276407152e+02
1.557000074914715469e+03,2.672524008889631659e+02,-1.361937432225488465e+02
1.559000033931805547e+03,2.623366220174502814e+02,-1.454375679767063900e+02
1.560999891147043400e+03,2.571014599384411667e+02,-1.545037818976653341e+02
1.562999965989041357e+03,2.515524909131495406e+02,-1.633827217856899097e+02
1.564999965957174481e+03,2.456972614267883728e+02,-1.720622675982712906e+02
1.566999925196389086e+03,2.395428681273242546e+02,-1.805320176031632400e+02
1.569000037909910134e+03,2.330961027614653176e+02,-1.887824880245597683e+02
1.570999894860342010e+03,2.263661031304031894e+02,-1.968018545518131361e+02
1.573000067330065576e+03,2.193592362503759432e+02,-2.045825423975764465e+02
1.575000034244180370e+03,2.120859828914931313e+02,-2.121134787521745011e+02
1.577000034288977076e+03,2.045541128230956929e+02,-2.193859752474061793e+02
1.578999890973100946e+03,1.967735599359630214e+02,-2.263906937852699173e+02
1.580999965633681086e+03,1.887524312957079928e+02,-2.331203372509838516e+02
1.583000067758828209e+03,1.805012119163297939e+02,-2.395659148728078094e+02
1.585000037818345163e+03,1.720306808081245435e+02,-2.457194662194520163e+02
1.586999894274526241e+03,1.633509563270513354e+02,-2.515731346142683833e+02
1.588999965471231462e+03,1.544713399804390974e+02,-2.571209340692213345e+02
1.591000074577466648e+03,1.454033433658678405e+02,-2.623555740821373092e+02
1.593000034609129898e+03,1.361588918097545502e+02,-2.672701899494769009e+02
1.595000033644688756e+03,1.267483171840840441e+02,-2.718592038836893607e+02
1.596999895922333053e+03,1.171839337140177122e+02,-2.761168243750811939e+02
1.599000070428153549e+03,1.074754030351273286e+02,-2.800385717172348450e+02
1.601000034694930491e+03,9.763688854697875286e+01,-2.836188193815355589e+02
1.603000109206515162e+03,8.767884904942184221e+01,-2.868536393378387288e+02
1.604999965233496368e+03,7.761506281588390266e+01,-2.897386362525973027e+02
1.607000068794565550e+03,6.745554251771091003e+01,-2.922709234496866202e+02
1.609000037595671984e+03,5.721444761486554853e+01,-2.944471258523899451e+02
1.610999893463235821e+03,4.690422894137509502e+01,-2.962643650702487435e+02
1.612999965091762988e+03,3.653579809386701527e+01,-2.977208628487002215e+02
1.615000074384248819e+03,2.612264781101566768e+01,-2.988146416549702735e+02
1.617000034983096612e+03,1.567846021004470458e+01,-2.995442790050245776e+02
1.618999889782102628e+03,5.215684440001950861e+00,-2.999089591939842308e+02
1.621000073488248745e+03,-5.255150754715032235e+00,-2.999082702392610145e+02
1.623000036732789795e+03,-1.571842938770896581e+01,-2.995421813915251050e+02
1.625000038330972757e+03,-2.616277197388899367e+01,-2.988111343615293549e+02
1.627000107123456928e+03,-3.657552786124460908e+01,-2.977159637416091300e+02
1.628999962438713283e+03,-4.694268918185844086e+01,-2.962582946456045647e+02
1.630999930295632794e+03,-5.725325382089749837e+01,-2.944395439364117237e+02
1.633000108751718926e+03,-6.749505794651076940e+01,-2.922618748620228075e+02
1.634999961789905456e+03,-7.765301462695697410e+01,-2.897284862588833789e+02
1.636999891215014486e+03,-8.771678406405953865e+01,-2.868420303948172432e+02
1.638999961888415555e+03,-9.767434066066243759e+01,-2.836059046627017324e+02
1.640999929266998151e+03,-1.075124409029340313e+02,-2.800243867748123421e+02
1.643000108852935909e+03,-1.172205099345569579e+02,-2.761013132983191554e+02
1.645000036683285998e+03,-1.267845935564896536e+02,-2.718423336891950157e+02
1.646999889803311362e+03,-1.361938573505381100e+02,-2.672523532192443554e+02
1.648999963307139524e+03,-1.454382224505820886e+02,-2.623362545314604972e+02
1.650999963302502920e+03,-1.545050496087469583e+02,-2.571007130502287623e+02
1.652999926504607629e+03,-1.633834734641809519e+02,-2.515520378046888084e+02
1.655000110202834094e+03,-1.720637920305757689e+02,-2.456962323731442837e+02
1.656999963287380297e+03,-1.805330557550373669e+02,-2.395420690128369188e+02
1.658999926504034420e+03,-1.887828467201748026e+02,-2.330957397847963364e+02
1.661000036724287384e+03,-1.968032233018984698e+02,-2.263649231396864252e+02
1.663000036729456951e+03,-2.045833759646930048e+02,-2.193586775752049221e+02
1.664999889781495085e+03,-2.121137303124164646e+02,-2.120857201873910185e+02
1.666999964692410913e+03,-2.193864977736498076e+02,-2.045535503856534660e+02
1.668999927954044324e+03,-2.263915592620596726e+02,-1.967725904398336354e+02
1.671000107479289909e+03,-2.331214706541941268e+02,-1.887510287326851426e+02
1.672999963246805464e+03,-2.395663715351633982e+02,-1.805008054853905151e+02
1.674999963239979024e+03,-2.457198354071974791e+02,-1.720300834723836658e+02
1.676999926532404288e+03,-2.515738216087247565e+02,-1.633499291984773549e+02
1.679000036771308942e+03,-2.571217098548036120e+02,-1.544701051984543483e+02
1.681000107869175281e+03,-2.623561721707128527e+02,-1.454022484488840519e+02
1.682999964350442951e+03,-2.672705215525215863e+02,-1.361582080038075162e+02
1.684999927674962237e+03,-2.718594897030370703e+02,-1.267478088445859612e+02
1.687000036792484480e+03,-2.761175410567452673e+02,-1.171822967234060400e+02
1.689000110248418423e+03,-2.800390873184205702e+02,-1.074741674439306394e+02
1.690999963195847386e+03,-2.836190467521187202e+02,-9.763617943982316660e+01
1.692999962535536952e+03,-2.868537289244904969e+02,-8.767852416885932598e+01
1.694999927820651919e+03,-2.897388886953335714e+02,-7.761419929355450620e+01
1.697000109656770974e+03,-2.922712978382746769e+02,-6.745423988328622045e+01
1.699000036731765022e+03,-2.944473076273766310e+02,-5.721337410517510591e+01
1.701000110217175916e+03,-2.962647201681329534e+02,-4.690205418032630291e+01
1.702999963263238442e+03,-2.977210110471737607e+02,-3.653473243324016551e+01
1.704999963261000403e+03,-2.988146933550478934e+02,-2.612213865411919755e+01
1.707000073480632636e+03,-2.995443444549850938e+02,-1.567714261023628808e+01
1.709000036743574128e+03,-2.999089916269031164e+02,-5.213813446206799540e+00
1.711000037194317429e+03,-2.999082545096621288e+02,5.256065704882928458e+00
1.713000109360646320e+03,-2.995420995510253306e+02,1.571990289196641299e+01
1.714999963022715747e+03,-2.988110782652147464e+02,2.616346129883513072e+01
1.716999890978783014e+03,-2.977160017096498450e+02,3.657553982651069191e+01
1.719000073299682072e+03,-2.962580207024857373e+02,4.694435459052282056e+01
1.721000036003998957e+03,-2.944392442617390770e+02,5.725484109784306952e+01
1.722999890135032729e+03,-2.922618824060682527e+02,6.749503243612174685e+01
1.724999963257524769e+03,-2.897281965787669833e+02,7.765409977496904048e+01
1.726999926524062175e+03,-2.868416620352927566e+02,8.771800279246404841e+01
1.729000110221719751e+03,-2.836052905360033947e+02,9.767612948260573091e+01
1.731000036733632896e+03,-2.800238072444353747e+02,1.075139733458314311e+02
1.732999889776103373e+03,-2.761013318692457688e+02,1.172204829780794313e+02
1.734999963265025372e+03,-2.718420295492906007e+02,1.267852438930988654e+02
1.736999963086035450e+03,-2.672516790675372249e+02,1.361951795562287657e+02
1.738999927025914758e+03,-2.623358117761436006e+02,1.454390228609612450e+02
1.741000109902028498e+03,-2.570997507349256921e+02,1.545066494597512303e+02
1.743000036624615404e+03,-2.515511237895443628e+02,1.633848803931111604e+02
1.744999889830108714e+03,-2.456962619297219135e+02,1.720637497943982908e+02
1.746999963359498224e+03,-2.395414055545875271e+02,1.805339363421012706e+02
1.748999963526112197e+03,-2.330949235543498617e+02,1.887838551278750856e+02
1.750999926656966181e+03,-2.263645779223929821e+02,1.968036207828344004e+02
1.753000109868249183e+03,-2.193576655319329802e+02,2.045844595976552398e+02
1.754999963329137017e+03,-2.120846683082932032e+02,2.121147816853867596e+02
1.756999926486942059e+03,-2.045528964352793082e+02,2.193870999393867578e+02
1.759000036687231841e+03,-1.967713350708991129e+02,2.263926428459555211e+02
1.761000036696092593e+03,-1.887504588986930685e+02,2.331219666029146538e+02
1.762999889797284141e+03,-1.805002324335409867e+02,2.395668032018558620e+02
1.765000073497388030e+03,-1.720287077578368553e+02,2.457207984893602770e+02
1.767000036718936371e+03,-1.633485214168322273e+02,2.515747356543477906e+02
1.769000110213601602e+03,-1.544688313665415080e+02,2.571224751317403729e+02
1.770999963266828217e+03,-1.454019396280973524e+02,2.623563665063556982e+02
1.772999963259241667e+03,-1.361572377945612971e+02,2.672710116771185653e+02
1.775000073471838505e+03,-1.267461255357111440e+02,2.718602706178081689e+02
1.777000036757748830e+03,-1.171812829068940118e+02,2.761179712407692932e+02
1.778999889763178089e+03,-1.074742168084853802e+02,2.800390683357657053e+02
1.781000073470426287e+03,-9.763459124423980029e+01,2.836195932412413754e+02
1.783000036780578284e+03,-8.767709392167671467e+01,2.868541690963601241e+02
1.785000036787737145e+03,-7.761259356659456898e+01,2.897393180987012329e+02
1.787000110243087192e+03,-6.745315919998847676e+01,2.922715491166035804e+02
1.788999963197980605e+03,-5.721267063650157070e+01,2.944474441140410477e+02
1.791000073445959970e+03,-4.690115619930111279e+01,2.962648622443032309e+02
1.793000036817699993e+03,-3.653325632980113369e+01,2.977211922914768820e+02
1.794999889728284415e+03,-2.612142473254516517e+01,2.988147556714916391e+02
1.797000183673878837e+03,-1.567546628457239422e+01,2.995444321023371685e+02
1.798999346415590480e+03,-1.045365465442910136e+01,3.001514003743749868e+02
